2026-09-29 10:32:00 - INFO - Flipkart Automation Started
2026-09-29 10:32:04 - INFO - Flipkart opened successfully
2026-09-29 10:32:04 - INFO - Logging into flipkart
2026-09-29 10:32:40 - INFO - Flipkart Automation Completed
2026-09-29 11:01:33 - INFO - Flipkart Automation Started
2026-09-29 11:01:51 - INFO - Flipkart opened successfully
2026-09-29 11:01:51 - INFO - Logging into flipkart
2026-09-29 11:02:26 - INFO - Flipkart Automation Completed
2026-09-29 11:02:56 - INFO - Flipkart Automation Started
2026-09-29 11:03:00 - INFO - Flipkart opened successfully
2026-09-29 11:03:00 - INFO - Logging into flipkart
2026-09-29 11:03:27 - INFO - Flipkart Automation Completed
2026-09-29 11:24:54 - INFO - Flipkart Automation Started
2026-09-29 11:24:58 - INFO - Flipkart opened successfully
2026-09-29 11:24:58 - INFO - Logging into flipkart
2026-09-29 11:25:26 - INFO - Flipkart Automation Completed
2026-09-29 12:25:35 - INFO - Flipkart Automation Started
2026-09-29 12:25:37 - ERROR - Automation failed
2026-09-29 12:25:37 - INFO - Flipkart Automation Completed
2026-09-29 13:09:49 - INFO - Flipkart Automation Started
2026-09-29 13:09:50 - ERROR - Automation failed
2026-09-29 13:09:50 - INFO - Flipkart Automation Completed
2026-09-29 13:12:57 - INFO - Flipkart Automation Started
2026-09-29 13:13:01 - INFO - Flipkart opened successfully
2026-09-29 13:13:01 - INFO - Logging into flipkart
2026-09-29 13:13:32 - INFO - Flipkart Automation Completed
2026-09-29 13:13:39 - INFO - Flipkart Automation Started
2026-09-29 13:13:42 - INFO - Flipkart opened successfully
2026-09-29 13:13:42 - INFO - Logging into flipkart
2026-09-29 13:14:05 - ERROR - Automation failed
2026-09-29 13:14:06 - INFO - Flipkart Automation Completed
2026-09-29 14:09:55 - INFO - Flipkart Automation Started
2026-09-29 14:09:59 - INFO - Flipkart opened successfully
2026-09-29 14:09:59 - ERROR - Automation failed: open_flipkart() missing 3 required positional arguments: 'login_type', 'phone_number', and 'email'
Traceback (most recent call last):
  File "C:\Users\Admin\OneDrive - StayAhead\Documents\Demo_Sruthy\flipkart_automation\modules\bot_runner.py", line 45, in run_bot
    await open_flipkart(
          ~~~~~~~~~~~~~^
        page,
        ^^^^^
        context
        ^^^^^^^
    )
    ^
TypeError: open_flipkart() missing 3 required positional arguments: 'login_type', 'phone_number', and 'email'
2026-09-29 14:10:00 - ERROR - Automation failed
2026-09-29 14:10:00 - INFO - Flipkart Automation Completed
2026-09-29 14:10:10 - INFO - Flipkart Automation Started
2026-09-29 14:10:14 - INFO - Flipkart opened successfully
2026-09-29 14:10:14 - ERROR - Automation failed: open_flipkart() missing 3 required positional arguments: 'login_type', 'phone_number', and 'email'
Traceback (most recent call last):
  File "C:\Users\Admin\OneDrive - StayAhead\Documents\Demo_Sruthy\flipkart_automation\modules\bot_runner.py", line 45, in run_bot
    await open_flipkart(
          ~~~~~~~~~~~~~^
        page,
        ^^^^^
        context
        ^^^^^^^
    )
    ^
TypeError: open_flipkart() missing 3 required positional arguments: 'login_type', 'phone_number', and 'email'
2026-09-29 14:10:15 - ERROR - Automation failed
2026-09-29 14:10:15 - INFO - Flipkart Automation Completed
2026-09-29 14:11:40 - INFO - Flipkart Automation Started
2026-09-29 14:11:43 - INFO - Flipkart opened successfully
2026-09-29 14:11:45 - INFO - Continue button clicked.
2026-09-29 14:12:02 - ERROR - Login failed
2026-09-29 14:12:02 - ERROR - Automation failed: OTP was not entered.
Traceback (most recent call last):
  File "C:\Users\Admin\OneDrive - StayAhead\Documents\Demo_Sruthy\flipkart_automation\modules\bot_runner.py", line 45, in run_bot
    await open_flipkart(
    ...<5 lines>...
    )
  File "C:\Users\Admin\OneDrive - StayAhead\Documents\Demo_Sruthy\flipkart_automation\modules\login.py", line 146, in open_flipkart
    otp = get_otp_from_popup()
  File "C:\Users\Admin\OneDrive - StayAhead\Documents\Demo_Sruthy\flipkart_automation\modules\login.py", line 23, in get_otp_from_popup
    raise ValueError("OTP was not entered.")
ValueError: OTP was not entered.
2026-09-29 14:12:03 - ERROR - Automation failed
2026-09-29 14:12:03 - INFO - Flipkart Automation Completed
2026-09-29 14:13:17 - INFO - Flipkart Automation Started
2026-09-29 14:13:25 - INFO - Flipkart opened successfully
2026-09-29 14:13:26 - INFO - Continue button clicked.
2026-09-29 14:13:39 - INFO - OTP Continue button clicked.
2026-09-29 14:13:42 - INFO - Logging into flipkart
2026-09-29 14:13:42 - ERROR - Automation failed: open_flipkart() missing 1 required positional argument: 'email'
Traceback (most recent call last):
  File "C:\Users\Admin\OneDrive - StayAhead\Documents\Demo_Sruthy\flipkart_automation\modules\bot_runner.py", line 59, in run_bot
    await open_flipkart(    page,
          ~~~~~~~~~~~~~^^^^^^^^^^
        login_type,
        ^^^^^^^^^^^
        phone_number,
        ^^^^^^^^^^^^^
        email
        ^^^^^
    )
    ^
TypeError: open_flipkart() missing 1 required positional argument: 'email'
2026-09-29 14:13:43 - ERROR - Automation failed
2026-09-29 14:13:43 - INFO - Flipkart Automation Completed
2026-09-29 14:14:03 - INFO - Flipkart Automation Started
2026-09-29 14:14:06 - INFO - Flipkart opened successfully
2026-09-29 14:14:09 - INFO - Logging into flipkart
2026-09-29 14:14:09 - ERROR - Automation failed: open_flipkart() missing 1 required positional argument: 'email'
Traceback (most recent call last):
  File "C:\Users\Admin\OneDrive - StayAhead\Documents\Demo_Sruthy\flipkart_automation\modules\bot_runner.py", line 59, in run_bot
    await open_flipkart(    page,
          ~~~~~~~~~~~~~^^^^^^^^^^
        login_type,
        ^^^^^^^^^^^
        phone_number,
        ^^^^^^^^^^^^^
        email
        ^^^^^
    )
    ^
TypeError: open_flipkart() missing 1 required positional argument: 'email'
2026-09-29 14:14:10 - ERROR - Automation failed
2026-09-29 14:14:10 - INFO - Flipkart Automation Completed
2026-09-29 14:25:39 - INFO - Flipkart Automation Started
2026-09-29 14:25:44 - INFO - Flipkart opened successfully
2026-09-29 14:25:47 - INFO - Logging into flipkart
2026-09-29 14:25:47 - ERROR - Automation failed: open_flipkart() missing 1 required positional argument: 'email'
Traceback (most recent call last):
  File "C:\Users\Admin\OneDrive - StayAhead\Documents\Demo_Sruthy\flipkart_automation\modules\bot_runner.py", line 59, in run_bot
    await open_flipkart(    page,
          ~~~~~~~~~~~~~^^^^^^^^^^
        login_type,
        ^^^^^^^^^^^
        phone_number,
        ^^^^^^^^^^^^^
        email
        ^^^^^
    )
    ^
TypeError: open_flipkart() missing 1 required positional argument: 'email'
2026-09-29 14:25:47 - ERROR - Automation failed
2026-09-29 14:25:47 - INFO - Flipkart Automation Completed
2026-09-29 16:42:54 - INFO - Flipkart Automation Started
2026-09-29 16:43:00 - INFO - Flipkart opened successfully
2026-09-29 16:43:00 - INFO - Logging into flipkart
2026-09-29 16:43:03 - ERROR - Automation failed: string indices must be integers, not 'str'
Traceback (most recent call last):
  File "C:\Users\Admin\OneDrive - StayAhead\Documents\Demo_Sruthy\flipkart_automation\modules\bot_runner.py", line 77, in run_bot
    product = product_data["Product"]
              ~~~~~~~~~~~~^^^^^^^^^^^
TypeError: string indices must be integers, not 'str'
2026-09-29 16:43:04 - ERROR - Automation failed
2026-09-29 16:43:04 - INFO - Flipkart Automation Completed
2026-09-29 16:55:38 - INFO - Flipkart Automation Started
2026-09-29 16:55:43 - INFO - Flipkart opened successfully
2026-09-29 16:55:43 - INFO - Logging into flipkart
2026-09-29 16:55:46 - ERROR - Automation failed: string indices must be integers, not 'str'
Traceback (most recent call last):
  File "C:\Users\Admin\OneDrive - StayAhead\Documents\Demo_Sruthy\flipkart_automation\modules\bot_runner.py", line 77, in run_bot
    product = product_data["Product"]
              ~~~~~~~~~~~~^^^^^^^^^^^
TypeError: string indices must be integers, not 'str'
2026-09-29 16:55:46 - ERROR - Automation failed
2026-09-29 16:55:46 - INFO - Flipkart Automation Completed
2026-09-29 17:01:52 - INFO - Flipkart Automation Started
2026-09-29 17:01:57 - INFO - Flipkart opened successfully
2026-09-29 17:01:57 - INFO - Logging into flipkart
2026-09-29 17:02:01 - ERROR - Automation failed: string indices must be integers, not 'str'
Traceback (most recent call last):
  File "C:\Users\Admin\OneDrive - StayAhead\Documents\Demo_Sruthy\flipkart_automation\modules\bot_runner.py", line 77, in run_bot
    product = product_data["Product"]
              ~~~~~~~~~~~~^^^^^^^^^^^
TypeError: string indices must be integers, not 'str'
2026-09-29 17:02:01 - ERROR - Automation failed
2026-09-29 17:02:01 - INFO - Flipkart Automation Completed
2026-09-29 17:12:45 - INFO - Flipkart Automation Started
2026-09-29 17:12:51 - INFO - Flipkart opened successfully
2026-09-29 17:12:51 - INFO - Logging into flipkart
2026-09-29 17:12:54 - ERROR - Search failed
2026-09-29 17:12:54 - ERROR - Automation failed: Locator.wait_for: Error: strict mode violation: locator("input[name='q']") resolved to 2 elements:
    1) <input name="q" value="" type="text" autocomplete="off" class="nw1UBF v1zwn26" title="Search for Products, Brands and More" placeholder="Search for Products, Brands and More"/> aka get_by_role("textbox", name="Search for Products, Brands")
    2) <input readonly name="q" value="" type="text" autocomplete="off" class="nw1UBF v1zwn26" title="Search for Products, Brands and More" placeholder="Search for Products, Brands and More"/> aka locator("a").filter(has_text="Search Icon").get_by_placeholder("Search for Products, Brands")

Call log:
  - waiting for locator("input[name='q']") to be visible
Traceback (most recent call last):
  File "C:\Users\Admin\OneDrive - StayAhead\Documents\Demo_Sruthy\flipkart_automation\modules\bot_runner.py", line 89, in run_bot
    await search_product(
    ...<2 lines>...
    )
  File "C:\Users\Admin\OneDrive - StayAhead\Documents\Demo_Sruthy\flipkart_automation\modules\flipkart_actions.py", line 18, in search_product
    await search_box.wait_for(
    ...<2 lines>...
    )
  File "C:\Users\Admin\OneDrive - StayAhead\Documents\Demo_Sruthy\flipkart_automation\flipkart_env\Lib\site-packages\playwright\async_api\_generated.py", line 20672, in wait_for
    await self._impl_obj.wait_for(timeout=to_milliseconds(timeout), state=state)
  File "C:\Users\Admin\OneDrive - StayAhead\Documents\Demo_Sruthy\flipkart_automation\flipkart_env\Lib\site-packages\playwright\_impl\_locator.py", line 752, in wait_for
    await self._frame.wait_for_selector(
        self._selector, strict=True, timeout=timeout, state=state
    )
  File "C:\Users\Admin\OneDrive - StayAhead\Documents\Demo_Sruthy\flipkart_automation\flipkart_env\Lib\site-packages\playwright\_impl\_frame.py", line 395, in wait_for_selector
    await self._channel.send(
        "waitForSelector", self._timeout, locals_to_params(locals())
    )
  File "C:\Users\Admin\OneDrive - StayAhead\Documents\Demo_Sruthy\flipkart_automation\flipkart_env\Lib\site-packages\playwright\_impl\_connection.py", line 76, in send
    return await self._connection.wrap_api_call(
           ^^^^^^^^^^^^^^^^^^^^^^^^^^^^^^^^^^^^^
    ...<3 lines>...
    )
    ^
  File "C:\Users\Admin\OneDrive - StayAhead\Documents\Demo_Sruthy\flipkart_automation\flipkart_env\Lib\site-packages\playwright\_impl\_connection.py", line 632, in wrap_api_call
    raise rewrite_error(error, f"{parsed_st['apiName']}: {error}") from None
playwright._impl._errors.Error: Locator.wait_for: Error: strict mode violation: locator("input[name='q']") resolved to 2 elements:
    1) <input name="q" value="" type="text" autocomplete="off" class="nw1UBF v1zwn26" title="Search for Products, Brands and More" placeholder="Search for Products, Brands and More"/> aka get_by_role("textbox", name="Search for Products, Brands")
    2) <input readonly name="q" value="" type="text" autocomplete="off" class="nw1UBF v1zwn26" title="Search for Products, Brands and More" placeholder="Search for Products, Brands and More"/> aka locator("a").filter(has_text="Search Icon").get_by_placeholder("Search for Products, Brands")

Call log:
  - waiting for locator("input[name='q']") to be visible

2026-09-29 17:12:55 - ERROR - Automation failed
2026-09-29 17:12:55 - INFO - Flipkart Automation Completed
2026-09-29 17:14:17 - INFO - Flipkart Automation Started
2026-09-29 17:14:22 - INFO - Flipkart opened successfully
2026-09-29 17:14:22 - INFO - Logging into flipkart
2026-09-29 17:14:25 - ERROR - Search failed
2026-09-29 17:14:25 - ERROR - Automation failed: Locator.wait_for: Error: strict mode violation: get_by_placeholder("Search for Products, Brands and More") resolved to 2 elements:
    1) <input name="q" value="" type="text" autocomplete="off" class="nw1UBF v1zwn26" title="Search for Products, Brands and More" placeholder="Search for Products, Brands and More"/> aka get_by_role("textbox", name="Search for Products, Brands")
    2) <input readonly name="q" value="" type="text" autocomplete="off" class="nw1UBF v1zwn26" title="Search for Products, Brands and More" placeholder="Search for Products, Brands and More"/> aka locator("a").filter(has_text="Search Icon").get_by_placeholder("Search for Products, Brands")

Call log:
  - waiting for get_by_placeholder("Search for Products, Brands and More") to be visible
Traceback (most recent call last):
  File "C:\Users\Admin\OneDrive - StayAhead\Documents\Demo_Sruthy\flipkart_automation\modules\bot_runner.py", line 89, in run_bot
    await search_product(
    ...<2 lines>...
    )
  File "C:\Users\Admin\OneDrive - StayAhead\Documents\Demo_Sruthy\flipkart_automation\modules\flipkart_actions.py", line 18, in search_product
    await search_box.wait_for(
    ...<2 lines>...
    )
  File "C:\Users\Admin\OneDrive - StayAhead\Documents\Demo_Sruthy\flipkart_automation\flipkart_env\Lib\site-packages\playwright\async_api\_generated.py", line 20672, in wait_for
    await self._impl_obj.wait_for(timeout=to_milliseconds(timeout), state=state)
  File "C:\Users\Admin\OneDrive - StayAhead\Documents\Demo_Sruthy\flipkart_automation\flipkart_env\Lib\site-packages\playwright\_impl\_locator.py", line 752, in wait_for
    await self._frame.wait_for_selector(
        self._selector, strict=True, timeout=timeout, state=state
    )
  File "C:\Users\Admin\OneDrive - StayAhead\Documents\Demo_Sruthy\flipkart_automation\flipkart_env\Lib\site-packages\playwright\_impl\_frame.py", line 395, in wait_for_selector
    await self._channel.send(
        "waitForSelector", self._timeout, locals_to_params(locals())
    )
  File "C:\Users\Admin\OneDrive - StayAhead\Documents\Demo_Sruthy\flipkart_automation\flipkart_env\Lib\site-packages\playwright\_impl\_connection.py", line 76, in send
    return await self._connection.wrap_api_call(
           ^^^^^^^^^^^^^^^^^^^^^^^^^^^^^^^^^^^^^
    ...<3 lines>...
    )
    ^
  File "C:\Users\Admin\OneDrive - StayAhead\Documents\Demo_Sruthy\flipkart_automation\flipkart_env\Lib\site-packages\playwright\_impl\_connection.py", line 632, in wrap_api_call
    raise rewrite_error(error, f"{parsed_st['apiName']}: {error}") from None
playwright._impl._errors.Error: Locator.wait_for: Error: strict mode violation: get_by_placeholder("Search for Products, Brands and More") resolved to 2 elements:
    1) <input name="q" value="" type="text" autocomplete="off" class="nw1UBF v1zwn26" title="Search for Products, Brands and More" placeholder="Search for Products, Brands and More"/> aka get_by_role("textbox", name="Search for Products, Brands")
    2) <input readonly name="q" value="" type="text" autocomplete="off" class="nw1UBF v1zwn26" title="Search for Products, Brands and More" placeholder="Search for Products, Brands and More"/> aka locator("a").filter(has_text="Search Icon").get_by_placeholder("Search for Products, Brands")

Call log:
  - waiting for get_by_placeholder("Search for Products, Brands and More") to be visible

2026-09-29 17:14:26 - ERROR - Automation failed
2026-09-29 17:14:26 - INFO - Flipkart Automation Completed
2026-09-29 17:24:37 - INFO - Flipkart Automation Started
2026-09-29 17:24:43 - INFO - Flipkart opened successfully
2026-09-29 17:24:43 - INFO - Logging into flipkart
2026-09-29 17:24:46 - ERROR - Search failed
2026-09-29 17:24:46 - ERROR - Automation failed: Locator.wait_for: Error: strict mode violation: get_by_placeholder("Search for Products, Brands and More") resolved to 2 elements:
    1) <input name="q" value="" type="text" autocomplete="off" class="nw1UBF v1zwn26" title="Search for Products, Brands and More" placeholder="Search for Products, Brands and More"/> aka get_by_role("textbox", name="Search for Products, Brands")
    2) <input readonly name="q" value="" type="text" autocomplete="off" class="nw1UBF v1zwn26" title="Search for Products, Brands and More" placeholder="Search for Products, Brands and More"/> aka locator("a").filter(has_text="Search Icon").get_by_placeholder("Search for Products, Brands")

Call log:
  - waiting for get_by_placeholder("Search for Products, Brands and More") to be visible
Traceback (most recent call last):
  File "C:\Users\Admin\OneDrive - StayAhead\Documents\Demo_Sruthy\flipkart_automation\modules\bot_runner.py", line 89, in run_bot
    await search_product(
    ...<2 lines>...
    )
  File "C:\Users\Admin\OneDrive - StayAhead\Documents\Demo_Sruthy\flipkart_automation\modules\flipkart_actions.py", line 18, in search_product
    await search_box.wait_for(
    ...<2 lines>...
    )
  File "C:\Users\Admin\OneDrive - StayAhead\Documents\Demo_Sruthy\flipkart_automation\flipkart_env\Lib\site-packages\playwright\async_api\_generated.py", line 20672, in wait_for
    await self._impl_obj.wait_for(timeout=to_milliseconds(timeout), state=state)
  File "C:\Users\Admin\OneDrive - StayAhead\Documents\Demo_Sruthy\flipkart_automation\flipkart_env\Lib\site-packages\playwright\_impl\_locator.py", line 752, in wait_for
    await self._frame.wait_for_selector(
        self._selector, strict=True, timeout=timeout, state=state
    )
  File "C:\Users\Admin\OneDrive - StayAhead\Documents\Demo_Sruthy\flipkart_automation\flipkart_env\Lib\site-packages\playwright\_impl\_frame.py", line 395, in wait_for_selector
    await self._channel.send(
        "waitForSelector", self._timeout, locals_to_params(locals())
    )
  File "C:\Users\Admin\OneDrive - StayAhead\Documents\Demo_Sruthy\flipkart_automation\flipkart_env\Lib\site-packages\playwright\_impl\_connection.py", line 76, in send
    return await self._connection.wrap_api_call(
           ^^^^^^^^^^^^^^^^^^^^^^^^^^^^^^^^^^^^^
    ...<3 lines>...
    )
    ^
  File "C:\Users\Admin\OneDrive - StayAhead\Documents\Demo_Sruthy\flipkart_automation\flipkart_env\Lib\site-packages\playwright\_impl\_connection.py", line 632, in wrap_api_call
    raise rewrite_error(error, f"{parsed_st['apiName']}: {error}") from None
playwright._impl._errors.Error: Locator.wait_for: Error: strict mode violation: get_by_placeholder("Search for Products, Brands and More") resolved to 2 elements:
    1) <input name="q" value="" type="text" autocomplete="off" class="nw1UBF v1zwn26" title="Search for Products, Brands and More" placeholder="Search for Products, Brands and More"/> aka get_by_role("textbox", name="Search for Products, Brands")
    2) <input readonly name="q" value="" type="text" autocomplete="off" class="nw1UBF v1zwn26" title="Search for Products, Brands and More" placeholder="Search for Products, Brands and More"/> aka locator("a").filter(has_text="Search Icon").get_by_placeholder("Search for Products, Brands")

Call log:
  - waiting for get_by_placeholder("Search for Products, Brands and More") to be visible

2026-09-29 17:24:47 - ERROR - Automation failed
2026-09-29 17:24:47 - INFO - Flipkart Automation Completed
2026-09-30 09:55:42 - INFO - Flipkart Automation Started
2026-09-30 09:55:45 - ERROR - Automation failed
2026-09-30 09:55:45 - INFO - Flipkart Automation Completed
2026-09-30 09:55:56 - INFO - Flipkart Automation Started
2026-09-30 09:55:59 - INFO - Flipkart opened successfully
2026-09-30 09:55:59 - INFO - Logging into flipkart
2026-09-30 09:56:03 - ERROR - Search failed
2026-09-30 09:56:03 - ERROR - Automation failed: Locator.wait_for: Error: strict mode violation: get_by_placeholder("Search for Products, Brands and More") resolved to 2 elements:
    1) <input name="q" value="" type="text" autocomplete="off" class="nw1UBF v1zwn26" title="Search for Products, Brands and More" placeholder="Search for Products, Brands and More"/> aka get_by_role("textbox", name="Search for Products, Brands")
    2) <input readonly name="q" value="" type="text" autocomplete="off" class="nw1UBF v1zwn26" title="Search for Products, Brands and More" placeholder="Search for Products, Brands and More"/> aka locator("a").filter(has_text="Search Icon").get_by_placeholder("Search for Products, Brands")

Call log:
  - waiting for get_by_placeholder("Search for Products, Brands and More") to be visible
Traceback (most recent call last):
  File "C:\Users\Admin\OneDrive - StayAhead\Documents\Demo_Sruthy\flipkart_automation\modules\bot_runner.py", line 89, in run_bot
    await search_product(
    ...<2 lines>...
    )
  File "C:\Users\Admin\OneDrive - StayAhead\Documents\Demo_Sruthy\flipkart_automation\modules\flipkart_actions.py", line 18, in search_product
    await search_box.wait_for(
    ...<2 lines>...
    )
  File "C:\Users\Admin\OneDrive - StayAhead\Documents\Demo_Sruthy\flipkart_automation\flipkart_env\Lib\site-packages\playwright\async_api\_generated.py", line 20672, in wait_for
    await self._impl_obj.wait_for(timeout=to_milliseconds(timeout), state=state)
  File "C:\Users\Admin\OneDrive - StayAhead\Documents\Demo_Sruthy\flipkart_automation\flipkart_env\Lib\site-packages\playwright\_impl\_locator.py", line 752, in wait_for
    await self._frame.wait_for_selector(
        self._selector, strict=True, timeout=timeout, state=state
    )
  File "C:\Users\Admin\OneDrive - StayAhead\Documents\Demo_Sruthy\flipkart_automation\flipkart_env\Lib\site-packages\playwright\_impl\_frame.py", line 395, in wait_for_selector
    await self._channel.send(
        "waitForSelector", self._timeout, locals_to_params(locals())
    )
  File "C:\Users\Admin\OneDrive - StayAhead\Documents\Demo_Sruthy\flipkart_automation\flipkart_env\Lib\site-packages\playwright\_impl\_connection.py", line 76, in send
    return await self._connection.wrap_api_call(
           ^^^^^^^^^^^^^^^^^^^^^^^^^^^^^^^^^^^^^
    ...<3 lines>...
    )
    ^
  File "C:\Users\Admin\OneDrive - StayAhead\Documents\Demo_Sruthy\flipkart_automation\flipkart_env\Lib\site-packages\playwright\_impl\_connection.py", line 632, in wrap_api_call
    raise rewrite_error(error, f"{parsed_st['apiName']}: {error}") from None
playwright._impl._errors.Error: Locator.wait_for: Error: strict mode violation: get_by_placeholder("Search for Products, Brands and More") resolved to 2 elements:
    1) <input name="q" value="" type="text" autocomplete="off" class="nw1UBF v1zwn26" title="Search for Products, Brands and More" placeholder="Search for Products, Brands and More"/> aka get_by_role("textbox", name="Search for Products, Brands")
    2) <input readonly name="q" value="" type="text" autocomplete="off" class="nw1UBF v1zwn26" title="Search for Products, Brands and More" placeholder="Search for Products, Brands and More"/> aka locator("a").filter(has_text="Search Icon").get_by_placeholder("Search for Products, Brands")

Call log:
  - waiting for get_by_placeholder("Search for Products, Brands and More") to be visible

2026-09-30 09:56:03 - ERROR - Automation failed
2026-09-30 09:56:03 - INFO - Flipkart Automation Completed
2026-09-30 10:02:48 - INFO - Flipkart Automation Started
2026-09-30 10:02:52 - INFO - Flipkart opened successfully
2026-09-30 10:02:52 - INFO - Logging into flipkart
2026-09-30 10:02:55 - ERROR - Search failed
2026-09-30 10:02:55 - ERROR - Automation failed: Locator.wait_for: Error: strict mode violation: get_by_placeholder("Search for Products, Brands and More") resolved to 2 elements:
    1) <input name="q" value="" type="text" autocomplete="off" class="nw1UBF v1zwn26" title="Search for Products, Brands and More" placeholder="Search for Products, Brands and More"/> aka get_by_role("textbox", name="Search for Products, Brands")
    2) <input readonly name="q" value="" type="text" autocomplete="off" class="nw1UBF v1zwn26" title="Search for Products, Brands and More" placeholder="Search for Products, Brands and More"/> aka locator("a").filter(has_text="Search Icon").get_by_placeholder("Search for Products, Brands")

Call log:
  - waiting for get_by_placeholder("Search for Products, Brands and More") to be visible
Traceback (most recent call last):
  File "C:\Users\Admin\OneDrive - StayAhead\Documents\Demo_Sruthy\flipkart_automation\modules\bot_runner.py", line 89, in run_bot
    await search_product(
    ...<2 lines>...
    )
  File "C:\Users\Admin\OneDrive - StayAhead\Documents\Demo_Sruthy\flipkart_automation\modules\flipkart_actions.py", line 18, in search_product
    await search_box.wait_for(
    ...<2 lines>...
    )
  File "C:\Users\Admin\OneDrive - StayAhead\Documents\Demo_Sruthy\flipkart_automation\flipkart_env\Lib\site-packages\playwright\async_api\_generated.py", line 20672, in wait_for
    await self._impl_obj.wait_for(timeout=to_milliseconds(timeout), state=state)
  File "C:\Users\Admin\OneDrive - StayAhead\Documents\Demo_Sruthy\flipkart_automation\flipkart_env\Lib\site-packages\playwright\_impl\_locator.py", line 752, in wait_for
    await self._frame.wait_for_selector(
        self._selector, strict=True, timeout=timeout, state=state
    )
  File "C:\Users\Admin\OneDrive - StayAhead\Documents\Demo_Sruthy\flipkart_automation\flipkart_env\Lib\site-packages\playwright\_impl\_frame.py", line 395, in wait_for_selector
    await self._channel.send(
        "waitForSelector", self._timeout, locals_to_params(locals())
    )
  File "C:\Users\Admin\OneDrive - StayAhead\Documents\Demo_Sruthy\flipkart_automation\flipkart_env\Lib\site-packages\playwright\_impl\_connection.py", line 76, in send
    return await self._connection.wrap_api_call(
           ^^^^^^^^^^^^^^^^^^^^^^^^^^^^^^^^^^^^^
    ...<3 lines>...
    )
    ^
  File "C:\Users\Admin\OneDrive - StayAhead\Documents\Demo_Sruthy\flipkart_automation\flipkart_env\Lib\site-packages\playwright\_impl\_connection.py", line 632, in wrap_api_call
    raise rewrite_error(error, f"{parsed_st['apiName']}: {error}") from None
playwright._impl._errors.Error: Locator.wait_for: Error: strict mode violation: get_by_placeholder("Search for Products, Brands and More") resolved to 2 elements:
    1) <input name="q" value="" type="text" autocomplete="off" class="nw1UBF v1zwn26" title="Search for Products, Brands and More" placeholder="Search for Products, Brands and More"/> aka get_by_role("textbox", name="Search for Products, Brands")
    2) <input readonly name="q" value="" type="text" autocomplete="off" class="nw1UBF v1zwn26" title="Search for Products, Brands and More" placeholder="Search for Products, Brands and More"/> aka locator("a").filter(has_text="Search Icon").get_by_placeholder("Search for Products, Brands")

Call log:
  - waiting for get_by_placeholder("Search for Products, Brands and More") to be visible

2026-09-30 10:02:56 - ERROR - Automation failed
2026-09-30 10:02:56 - INFO - Flipkart Automation Completed
2026-09-30 10:04:26 - INFO - Flipkart Automation Started
2026-09-30 10:04:30 - INFO - Flipkart opened successfully
2026-09-30 10:04:30 - INFO - Logging into flipkart
2026-09-30 10:04:36 - INFO - Product entered: Laptop
2026-09-30 10:04:36 - ERROR - Search failed
2026-09-30 10:04:36 - ERROR - Automation failed: 'coroutine' object has no attribute 'wait_for'
Traceback (most recent call last):
  File "C:\Users\Admin\OneDrive - StayAhead\Documents\Demo_Sruthy\flipkart_automation\modules\bot_runner.py", line 89, in run_bot
    await search_product(
    ...<2 lines>...
    )
  File "C:\Users\Admin\OneDrive - StayAhead\Documents\Demo_Sruthy\flipkart_automation\modules\flipkart_actions.py", line 36, in search_product
    await search_button.wait_for(
          ^^^^^^^^^^^^^^^^^^^^^^
AttributeError: 'coroutine' object has no attribute 'wait_for'
2026-09-30 10:04:37 - ERROR - Automation failed
2026-09-30 10:04:37 - INFO - Flipkart Automation Completed
2026-09-30 10:05:07 - INFO - Flipkart Automation Started
2026-09-30 10:05:10 - INFO - Flipkart opened successfully
2026-09-30 10:05:10 - INFO - Logging into flipkart
2026-09-30 10:05:16 - INFO - Product entered: Laptop
2026-09-30 10:05:16 - ERROR - Search failed
2026-09-30 10:05:16 - ERROR - Automation failed: Locator.wait_for: Error: strict mode violation: get_by_label("Search for Products, Brands and More") resolved to 2 elements:
    1) <button type="submit" class="XFwMiH" title="Search for Products, Brands and More" aria-label="Search for Products, Brands and More">…</button> aka get_by_role("button", name="Search for Products, Brands")
    2) <button type="button" class="XFwMiH" title="Search for Products, Brands and More" aria-label="Search for Products, Brands and More">…</button> aka locator("a").filter(has_text="Search Icon").get_by_label("Search for Products, Brands")

Call log:
  - waiting for get_by_label("Search for Products, Brands and More") to be visible
Traceback (most recent call last):
  File "C:\Users\Admin\OneDrive - StayAhead\Documents\Demo_Sruthy\flipkart_automation\modules\bot_runner.py", line 89, in run_bot
    await search_product(
    ...<2 lines>...
    )
  File "C:\Users\Admin\OneDrive - StayAhead\Documents\Demo_Sruthy\flipkart_automation\modules\flipkart_actions.py", line 36, in search_product
    await search_button.wait_for(
    ...<2 lines>...
    )
  File "C:\Users\Admin\OneDrive - StayAhead\Documents\Demo_Sruthy\flipkart_automation\flipkart_env\Lib\site-packages\playwright\async_api\_generated.py", line 20672, in wait_for
    await self._impl_obj.wait_for(timeout=to_milliseconds(timeout), state=state)
  File "C:\Users\Admin\OneDrive - StayAhead\Documents\Demo_Sruthy\flipkart_automation\flipkart_env\Lib\site-packages\playwright\_impl\_locator.py", line 752, in wait_for
    await self._frame.wait_for_selector(
        self._selector, strict=True, timeout=timeout, state=state
    )
  File "C:\Users\Admin\OneDrive - StayAhead\Documents\Demo_Sruthy\flipkart_automation\flipkart_env\Lib\site-packages\playwright\_impl\_frame.py", line 395, in wait_for_selector
    await self._channel.send(
        "waitForSelector", self._timeout, locals_to_params(locals())
    )
  File "C:\Users\Admin\OneDrive - StayAhead\Documents\Demo_Sruthy\flipkart_automation\flipkart_env\Lib\site-packages\playwright\_impl\_connection.py", line 76, in send
    return await self._connection.wrap_api_call(
           ^^^^^^^^^^^^^^^^^^^^^^^^^^^^^^^^^^^^^
    ...<3 lines>...
    )
    ^
  File "C:\Users\Admin\OneDrive - StayAhead\Documents\Demo_Sruthy\flipkart_automation\flipkart_env\Lib\site-packages\playwright\_impl\_connection.py", line 632, in wrap_api_call
    raise rewrite_error(error, f"{parsed_st['apiName']}: {error}") from None
playwright._impl._errors.Error: Locator.wait_for: Error: strict mode violation: get_by_label("Search for Products, Brands and More") resolved to 2 elements:
    1) <button type="submit" class="XFwMiH" title="Search for Products, Brands and More" aria-label="Search for Products, Brands and More">…</button> aka get_by_role("button", name="Search for Products, Brands")
    2) <button type="button" class="XFwMiH" title="Search for Products, Brands and More" aria-label="Search for Products, Brands and More">…</button> aka locator("a").filter(has_text="Search Icon").get_by_label("Search for Products, Brands")

Call log:
  - waiting for get_by_label("Search for Products, Brands and More") to be visible

2026-09-30 10:05:16 - ERROR - Automation failed
2026-09-30 10:05:16 - INFO - Flipkart Automation Completed
2026-09-30 10:07:53 - INFO - Flipkart Automation Started
2026-09-30 10:07:57 - INFO - Flipkart opened successfully
2026-09-30 10:07:57 - INFO - Logging into flipkart
2026-09-30 10:08:03 - INFO - Product entered: Laptop
2026-09-30 10:08:13 - ERROR - Search failed
2026-09-30 10:08:13 - ERROR - Automation failed: Locator.wait_for: Timeout 10000ms exceeded.
Call log:
  - waiting for locator("select.XFwMiH") to be visible
Traceback (most recent call last):
  File "C:\Users\Admin\OneDrive - StayAhead\Documents\Demo_Sruthy\flipkart_automation\modules\bot_runner.py", line 89, in run_bot
    await search_product(
    ...<2 lines>...
    )
  File "C:\Users\Admin\OneDrive - StayAhead\Documents\Demo_Sruthy\flipkart_automation\modules\flipkart_actions.py", line 36, in search_product
    await search_button.wait_for(
    ...<2 lines>...
    )
  File "C:\Users\Admin\OneDrive - StayAhead\Documents\Demo_Sruthy\flipkart_automation\flipkart_env\Lib\site-packages\playwright\async_api\_generated.py", line 20672, in wait_for
    await self._impl_obj.wait_for(timeout=to_milliseconds(timeout), state=state)
  File "C:\Users\Admin\OneDrive - StayAhead\Documents\Demo_Sruthy\flipkart_automation\flipkart_env\Lib\site-packages\playwright\_impl\_locator.py", line 752, in wait_for
    await self._frame.wait_for_selector(
        self._selector, strict=True, timeout=timeout, state=state
    )
  File "C:\Users\Admin\OneDrive - StayAhead\Documents\Demo_Sruthy\flipkart_automation\flipkart_env\Lib\site-packages\playwright\_impl\_frame.py", line 395, in wait_for_selector
    await self._channel.send(
        "waitForSelector", self._timeout, locals_to_params(locals())
    )
  File "C:\Users\Admin\OneDrive - StayAhead\Documents\Demo_Sruthy\flipkart_automation\flipkart_env\Lib\site-packages\playwright\_impl\_connection.py", line 76, in send
    return await self._connection.wrap_api_call(
           ^^^^^^^^^^^^^^^^^^^^^^^^^^^^^^^^^^^^^
    ...<3 lines>...
    )
    ^
  File "C:\Users\Admin\OneDrive - StayAhead\Documents\Demo_Sruthy\flipkart_automation\flipkart_env\Lib\site-packages\playwright\_impl\_connection.py", line 632, in wrap_api_call
    raise rewrite_error(error, f"{parsed_st['apiName']}: {error}") from None
playwright._impl._errors.TimeoutError: Locator.wait_for: Timeout 10000ms exceeded.
Call log:
  - waiting for locator("select.XFwMiH") to be visible

2026-09-30 10:08:13 - ERROR - Automation failed
2026-09-30 10:08:13 - INFO - Flipkart Automation Completed
2026-09-30 10:08:34 - INFO - Flipkart Automation Started
2026-09-30 10:08:37 - INFO - Flipkart opened successfully
2026-09-30 10:08:37 - INFO - Logging into flipkart
2026-09-30 10:08:43 - INFO - Product entered: Laptop
2026-09-30 10:09:13 - ERROR - Search failed
2026-09-30 10:09:13 - ERROR - Automation failed: Locator.wait_for: Timeout 30000ms exceeded.
Call log:
  - waiting for locator("select.XFwMiH") to be visible
Traceback (most recent call last):
  File "C:\Users\Admin\OneDrive - StayAhead\Documents\Demo_Sruthy\flipkart_automation\modules\bot_runner.py", line 89, in run_bot
    await search_product(
    ...<2 lines>...
    )
  File "C:\Users\Admin\OneDrive - StayAhead\Documents\Demo_Sruthy\flipkart_automation\modules\flipkart_actions.py", line 36, in search_product
    await search_button.wait_for(
    ...<2 lines>...
    )
  File "C:\Users\Admin\OneDrive - StayAhead\Documents\Demo_Sruthy\flipkart_automation\flipkart_env\Lib\site-packages\playwright\async_api\_generated.py", line 20672, in wait_for
    await self._impl_obj.wait_for(timeout=to_milliseconds(timeout), state=state)
  File "C:\Users\Admin\OneDrive - StayAhead\Documents\Demo_Sruthy\flipkart_automation\flipkart_env\Lib\site-packages\playwright\_impl\_locator.py", line 752, in wait_for
    await self._frame.wait_for_selector(
        self._selector, strict=True, timeout=timeout, state=state
    )
  File "C:\Users\Admin\OneDrive - StayAhead\Documents\Demo_Sruthy\flipkart_automation\flipkart_env\Lib\site-packages\playwright\_impl\_frame.py", line 395, in wait_for_selector
    await self._channel.send(
        "waitForSelector", self._timeout, locals_to_params(locals())
    )
  File "C:\Users\Admin\OneDrive - StayAhead\Documents\Demo_Sruthy\flipkart_automation\flipkart_env\Lib\site-packages\playwright\_impl\_connection.py", line 76, in send
    return await self._connection.wrap_api_call(
           ^^^^^^^^^^^^^^^^^^^^^^^^^^^^^^^^^^^^^
    ...<3 lines>...
    )
    ^
  File "C:\Users\Admin\OneDrive - StayAhead\Documents\Demo_Sruthy\flipkart_automation\flipkart_env\Lib\site-packages\playwright\_impl\_connection.py", line 632, in wrap_api_call
    raise rewrite_error(error, f"{parsed_st['apiName']}: {error}") from None
playwright._impl._errors.TimeoutError: Locator.wait_for: Timeout 30000ms exceeded.
Call log:
  - waiting for locator("select.XFwMiH") to be visible

2026-09-30 10:09:14 - ERROR - Automation failed
2026-09-30 10:09:14 - INFO - Flipkart Automation Completed
2026-09-30 10:10:31 - INFO - Flipkart Automation Started
2026-09-30 10:10:34 - INFO - Flipkart opened successfully
2026-09-30 10:10:34 - INFO - Logging into flipkart
2026-09-30 10:10:40 - INFO - Product entered: Laptop
2026-09-30 10:10:41 - INFO - Search clicked: Laptop
2026-09-30 10:10:41 - INFO - Search completed successfully: Laptop
2026-09-30 10:10:41 - INFO - Applying Price filter
2026-09-30 10:10:45 - INFO - Product entered: Phone
2026-09-30 10:11:15 - ERROR - Search failed
2026-09-30 10:11:15 - ERROR - Automation failed: Locator.wait_for: Timeout 30000ms exceeded.
Call log:
  - waiting for locator("button.XFwMiH[type=\"submit\"]") to be visible
Traceback (most recent call last):
  File "C:\Users\Admin\OneDrive - StayAhead\Documents\Demo_Sruthy\flipkart_automation\modules\bot_runner.py", line 89, in run_bot
    await search_product(
    ...<2 lines>...
    )
  File "C:\Users\Admin\OneDrive - StayAhead\Documents\Demo_Sruthy\flipkart_automation\modules\flipkart_actions.py", line 36, in search_product
    await search_button.wait_for(
    ...<2 lines>...
    )
  File "C:\Users\Admin\OneDrive - StayAhead\Documents\Demo_Sruthy\flipkart_automation\flipkart_env\Lib\site-packages\playwright\async_api\_generated.py", line 20672, in wait_for
    await self._impl_obj.wait_for(timeout=to_milliseconds(timeout), state=state)
  File "C:\Users\Admin\OneDrive - StayAhead\Documents\Demo_Sruthy\flipkart_automation\flipkart_env\Lib\site-packages\playwright\_impl\_locator.py", line 752, in wait_for
    await self._frame.wait_for_selector(
        self._selector, strict=True, timeout=timeout, state=state
    )
  File "C:\Users\Admin\OneDrive - StayAhead\Documents\Demo_Sruthy\flipkart_automation\flipkart_env\Lib\site-packages\playwright\_impl\_frame.py", line 395, in wait_for_selector
    await self._channel.send(
        "waitForSelector", self._timeout, locals_to_params(locals())
    )
  File "C:\Users\Admin\OneDrive - StayAhead\Documents\Demo_Sruthy\flipkart_automation\flipkart_env\Lib\site-packages\playwright\_impl\_connection.py", line 76, in send
    return await self._connection.wrap_api_call(
           ^^^^^^^^^^^^^^^^^^^^^^^^^^^^^^^^^^^^^
    ...<3 lines>...
    )
    ^
  File "C:\Users\Admin\OneDrive - StayAhead\Documents\Demo_Sruthy\flipkart_automation\flipkart_env\Lib\site-packages\playwright\_impl\_connection.py", line 632, in wrap_api_call
    raise rewrite_error(error, f"{parsed_st['apiName']}: {error}") from None
playwright._impl._errors.TimeoutError: Locator.wait_for: Timeout 30000ms exceeded.
Call log:
  - waiting for locator("button.XFwMiH[type=\"submit\"]") to be visible

2026-09-30 10:11:16 - ERROR - Automation failed
2026-09-30 10:11:16 - INFO - Flipkart Automation Completed
2026-09-30 10:28:49 - INFO - Flipkart Automation Started
2026-09-30 10:28:53 - INFO - Flipkart opened successfully
2026-09-30 10:28:53 - INFO - Logging into flipkart
2026-09-30 10:28:59 - INFO - Product entered: Laptop
2026-09-30 10:28:59 - INFO - Search clicked: Laptop
2026-09-30 10:29:00 - INFO - Search completed successfully: Laptop
2026-09-30 10:29:00 - INFO - Applying Price filter
2026-09-30 10:29:01 - INFO - Maximum price selected: \u20b940000
2026-09-30 10:29:04 - INFO - Product entered: Phone
2026-09-30 10:29:34 - ERROR - Search failed
2026-09-30 10:29:34 - ERROR - Automation failed: Locator.wait_for: Timeout 30000ms exceeded.
Call log:
  - waiting for locator("button.XFwMiH[type=\"submit\"]") to be visible
Traceback (most recent call last):
  File "C:\Users\Admin\OneDrive - StayAhead\Documents\Demo_Sruthy\flipkart_automation\modules\bot_runner.py", line 89, in run_bot
    await search_product(
    ...<2 lines>...
    )
  File "C:\Users\Admin\OneDrive - StayAhead\Documents\Demo_Sruthy\flipkart_automation\modules\flipkart_actions.py", line 36, in search_product
    await search_button.wait_for(
    ...<2 lines>...
    )
  File "C:\Users\Admin\OneDrive - StayAhead\Documents\Demo_Sruthy\flipkart_automation\flipkart_env\Lib\site-packages\playwright\async_api\_generated.py", line 20672, in wait_for
    await self._impl_obj.wait_for(timeout=to_milliseconds(timeout), state=state)
  File "C:\Users\Admin\OneDrive - StayAhead\Documents\Demo_Sruthy\flipkart_automation\flipkart_env\Lib\site-packages\playwright\_impl\_locator.py", line 752, in wait_for
    await self._frame.wait_for_selector(
        self._selector, strict=True, timeout=timeout, state=state
    )
  File "C:\Users\Admin\OneDrive - StayAhead\Documents\Demo_Sruthy\flipkart_automation\flipkart_env\Lib\site-packages\playwright\_impl\_frame.py", line 395, in wait_for_selector
    await self._channel.send(
        "waitForSelector", self._timeout, locals_to_params(locals())
    )
  File "C:\Users\Admin\OneDrive - StayAhead\Documents\Demo_Sruthy\flipkart_automation\flipkart_env\Lib\site-packages\playwright\_impl\_connection.py", line 76, in send
    return await self._connection.wrap_api_call(
           ^^^^^^^^^^^^^^^^^^^^^^^^^^^^^^^^^^^^^
    ...<3 lines>...
    )
    ^
  File "C:\Users\Admin\OneDrive - StayAhead\Documents\Demo_Sruthy\flipkart_automation\flipkart_env\Lib\site-packages\playwright\_impl\_connection.py", line 632, in wrap_api_call
    raise rewrite_error(error, f"{parsed_st['apiName']}: {error}") from None
playwright._impl._errors.TimeoutError: Locator.wait_for: Timeout 30000ms exceeded.
Call log:
  - waiting for locator("button.XFwMiH[type=\"submit\"]") to be visible

2026-09-30 10:29:35 - ERROR - Automation failed
2026-09-30 10:29:35 - INFO - Flipkart Automation Completed
2026-09-30 10:36:12 - INFO - Flipkart Automation Started
2026-09-30 10:36:15 - INFO - Flipkart opened successfully
2026-09-30 10:36:15 - INFO - Logging into flipkart
2026-09-30 10:36:21 - INFO - Product entered: Laptop
2026-09-30 10:36:21 - INFO - Search clicked: Laptop
2026-09-30 10:36:22 - INFO - Search completed successfully: Laptop
2026-09-30 10:36:22 - INFO - Applying Price filter
2026-09-30 10:36:23 - INFO - Maximum price selected: 40000
2026-09-30 10:36:26 - INFO - Product entered: Phone
2026-09-30 10:36:56 - ERROR - Search failed
2026-09-30 10:36:56 - ERROR - Automation failed: Locator.wait_for: Timeout 30000ms exceeded.
Call log:
  - waiting for locator("button.XFwMiH[type=\"submit\"]") to be visible
Traceback (most recent call last):
  File "C:\Users\Admin\OneDrive - StayAhead\Documents\Demo_Sruthy\flipkart_automation\modules\bot_runner.py", line 89, in run_bot
    await search_product(
    ...<2 lines>...
    )
  File "C:\Users\Admin\OneDrive - StayAhead\Documents\Demo_Sruthy\flipkart_automation\modules\flipkart_actions.py", line 36, in search_product
    await search_button.wait_for(
    ...<2 lines>...
    )
  File "C:\Users\Admin\OneDrive - StayAhead\Documents\Demo_Sruthy\flipkart_automation\flipkart_env\Lib\site-packages\playwright\async_api\_generated.py", line 20672, in wait_for
    await self._impl_obj.wait_for(timeout=to_milliseconds(timeout), state=state)
  File "C:\Users\Admin\OneDrive - StayAhead\Documents\Demo_Sruthy\flipkart_automation\flipkart_env\Lib\site-packages\playwright\_impl\_locator.py", line 752, in wait_for
    await self._frame.wait_for_selector(
        self._selector, strict=True, timeout=timeout, state=state
    )
  File "C:\Users\Admin\OneDrive - StayAhead\Documents\Demo_Sruthy\flipkart_automation\flipkart_env\Lib\site-packages\playwright\_impl\_frame.py", line 395, in wait_for_selector
    await self._channel.send(
        "waitForSelector", self._timeout, locals_to_params(locals())
    )
  File "C:\Users\Admin\OneDrive - StayAhead\Documents\Demo_Sruthy\flipkart_automation\flipkart_env\Lib\site-packages\playwright\_impl\_connection.py", line 76, in send
    return await self._connection.wrap_api_call(
           ^^^^^^^^^^^^^^^^^^^^^^^^^^^^^^^^^^^^^
    ...<3 lines>...
    )
    ^
  File "C:\Users\Admin\OneDrive - StayAhead\Documents\Demo_Sruthy\flipkart_automation\flipkart_env\Lib\site-packages\playwright\_impl\_connection.py", line 632, in wrap_api_call
    raise rewrite_error(error, f"{parsed_st['apiName']}: {error}") from None
playwright._impl._errors.TimeoutError: Locator.wait_for: Timeout 30000ms exceeded.
Call log:
  - waiting for locator("button.XFwMiH[type=\"submit\"]") to be visible

2026-09-30 10:36:56 - ERROR - Automation failed
2026-09-30 10:36:56 - INFO - Flipkart Automation Completed
2026-09-30 10:42:12 - INFO - Flipkart Automation Started
2026-09-30 10:42:15 - INFO - Flipkart opened successfully
2026-09-30 10:42:15 - INFO - Logging into flipkart
2026-09-30 10:42:21 - INFO - Product entered: Laptop
2026-09-30 10:42:22 - INFO - Search clicked: Laptop
2026-09-30 10:42:22 - INFO - Search completed successfully: Laptop
2026-09-30 10:42:22 - INFO - Applying Price filter
2026-09-30 10:42:23 - INFO - Maximum price selected: 40000
2026-09-30 10:42:23 - ERROR - Automation failed: name 'rating' is not defined
Traceback (most recent call last):
  File "C:\Users\Admin\OneDrive - StayAhead\Documents\Demo_Sruthy\flipkart_automation\modules\bot_runner.py", line 110, in run_bot
    rating)
    ^^^^^^
NameError: name 'rating' is not defined
2026-09-30 10:42:24 - ERROR - Automation failed
2026-09-30 10:42:24 - INFO - Flipkart Automation Completed
2026-09-30 11:13:04 - INFO - Flipkart Automation Started
2026-09-30 11:13:12 - INFO - Flipkart opened successfully
2026-09-30 11:13:12 - INFO - Logging into flipkart
2026-09-30 11:13:18 - INFO - Product entered: Laptop
2026-09-30 11:13:18 - INFO - Search clicked: Laptop
2026-09-30 11:13:19 - INFO - Search completed successfully: Laptop
2026-09-30 11:13:19 - INFO - Applying Price filter
2026-09-30 11:13:20 - INFO - Maximum price selected: 40000
2026-09-30 11:13:25 - ERROR - Rating filter not found.
2026-09-30 11:13:28 - INFO - Product entered: Phone
2026-09-30 11:13:58 - ERROR - Search failed
2026-09-30 11:13:58 - ERROR - Automation failed: Locator.wait_for: Timeout 30000ms exceeded.
Call log:
  - waiting for locator("button.XFwMiH[type=\"submit\"]") to be visible
Traceback (most recent call last):
  File "C:\Users\Admin\OneDrive - StayAhead\Documents\Demo_Sruthy\flipkart_automation\modules\bot_runner.py", line 92, in run_bot
    await search_product(
    ...<2 lines>...
    )
  File "C:\Users\Admin\OneDrive - StayAhead\Documents\Demo_Sruthy\flipkart_automation\modules\flipkart_actions.py", line 36, in search_product
    await search_button.wait_for(
    ...<2 lines>...
    )
  File "C:\Users\Admin\OneDrive - StayAhead\Documents\Demo_Sruthy\flipkart_automation\flipkart_env\Lib\site-packages\playwright\async_api\_generated.py", line 20672, in wait_for
    await self._impl_obj.wait_for(timeout=to_milliseconds(timeout), state=state)
  File "C:\Users\Admin\OneDrive - StayAhead\Documents\Demo_Sruthy\flipkart_automation\flipkart_env\Lib\site-packages\playwright\_impl\_locator.py", line 752, in wait_for
    await self._frame.wait_for_selector(
        self._selector, strict=True, timeout=timeout, state=state
    )
  File "C:\Users\Admin\OneDrive - StayAhead\Documents\Demo_Sruthy\flipkart_automation\flipkart_env\Lib\site-packages\playwright\_impl\_frame.py", line 395, in wait_for_selector
    await self._channel.send(
        "waitForSelector", self._timeout, locals_to_params(locals())
    )
  File "C:\Users\Admin\OneDrive - StayAhead\Documents\Demo_Sruthy\flipkart_automation\flipkart_env\Lib\site-packages\playwright\_impl\_connection.py", line 76, in send
    return await self._connection.wrap_api_call(
           ^^^^^^^^^^^^^^^^^^^^^^^^^^^^^^^^^^^^^
    ...<3 lines>...
    )
    ^
  File "C:\Users\Admin\OneDrive - StayAhead\Documents\Demo_Sruthy\flipkart_automation\flipkart_env\Lib\site-packages\playwright\_impl\_connection.py", line 632, in wrap_api_call
    raise rewrite_error(error, f"{parsed_st['apiName']}: {error}") from None
playwright._impl._errors.TimeoutError: Locator.wait_for: Timeout 30000ms exceeded.
Call log:
  - waiting for locator("button.XFwMiH[type=\"submit\"]") to be visible

2026-09-30 11:13:59 - ERROR - Automation failed
2026-09-30 11:13:59 - INFO - Flipkart Automation Completed
2026-09-30 11:14:56 - INFO - Flipkart Automation Started
2026-09-30 11:15:02 - INFO - Flipkart opened successfully
2026-09-30 11:15:02 - INFO - Logging into flipkart
2026-09-30 11:15:08 - INFO - Product entered: Laptop
2026-09-30 11:15:08 - INFO - Search clicked: Laptop
2026-09-30 11:15:09 - INFO - Search completed successfully: Laptop
2026-09-30 11:15:09 - INFO - Applying Price filter
2026-09-30 11:15:10 - INFO - Maximum price selected: 40000
2026-09-30 11:15:15 - ERROR - Rating filter not found.
2026-09-30 11:15:18 - INFO - Product entered: Phone
2026-09-30 11:15:48 - ERROR - Search failed
2026-09-30 11:15:48 - ERROR - Automation failed: Locator.wait_for: Timeout 30000ms exceeded.
Call log:
  - waiting for locator("button.XFwMiH[type=\"submit\"]") to be visible
Traceback (most recent call last):
  File "C:\Users\Admin\OneDrive - StayAhead\Documents\Demo_Sruthy\flipkart_automation\modules\bot_runner.py", line 92, in run_bot
    await search_product(
    ...<2 lines>...
    )
  File "C:\Users\Admin\OneDrive - StayAhead\Documents\Demo_Sruthy\flipkart_automation\modules\flipkart_actions.py", line 36, in search_product
    await search_button.wait_for(
    ...<2 lines>...
    )
  File "C:\Users\Admin\OneDrive - StayAhead\Documents\Demo_Sruthy\flipkart_automation\flipkart_env\Lib\site-packages\playwright\async_api\_generated.py", line 20672, in wait_for
    await self._impl_obj.wait_for(timeout=to_milliseconds(timeout), state=state)
  File "C:\Users\Admin\OneDrive - StayAhead\Documents\Demo_Sruthy\flipkart_automation\flipkart_env\Lib\site-packages\playwright\_impl\_locator.py", line 752, in wait_for
    await self._frame.wait_for_selector(
        self._selector, strict=True, timeout=timeout, state=state
    )
  File "C:\Users\Admin\OneDrive - StayAhead\Documents\Demo_Sruthy\flipkart_automation\flipkart_env\Lib\site-packages\playwright\_impl\_frame.py", line 395, in wait_for_selector
    await self._channel.send(
        "waitForSelector", self._timeout, locals_to_params(locals())
    )
  File "C:\Users\Admin\OneDrive - StayAhead\Documents\Demo_Sruthy\flipkart_automation\flipkart_env\Lib\site-packages\playwright\_impl\_connection.py", line 76, in send
    return await self._connection.wrap_api_call(
           ^^^^^^^^^^^^^^^^^^^^^^^^^^^^^^^^^^^^^
    ...<3 lines>...
    )
    ^
  File "C:\Users\Admin\OneDrive - StayAhead\Documents\Demo_Sruthy\flipkart_automation\flipkart_env\Lib\site-packages\playwright\_impl\_connection.py", line 632, in wrap_api_call
    raise rewrite_error(error, f"{parsed_st['apiName']}: {error}") from None
playwright._impl._errors.TimeoutError: Locator.wait_for: Timeout 30000ms exceeded.
Call log:
  - waiting for locator("button.XFwMiH[type=\"submit\"]") to be visible

2026-09-30 11:15:48 - ERROR - Automation failed
2026-09-30 11:15:48 - INFO - Flipkart Automation Completed
2026-09-30 11:21:44 - INFO - Flipkart Automation Started
2026-09-30 11:21:50 - INFO - Flipkart opened successfully
2026-09-30 11:21:50 - INFO - Logging into flipkart
2026-09-30 11:21:56 - INFO - Product entered: Laptop
2026-09-30 11:21:56 - INFO - Search clicked: Laptop
2026-09-30 11:21:57 - INFO - Search completed successfully: Laptop
2026-09-30 11:21:57 - INFO - Applying Price filter
2026-09-30 11:21:58 - INFO - Maximum price selected: 40000
2026-09-30 11:22:08 - ERROR - Rating filter not found.
2026-09-30 11:22:11 - INFO - Product entered: Phone
2026-09-30 11:22:41 - ERROR - Search failed
2026-09-30 11:22:41 - ERROR - Automation failed: Locator.wait_for: Timeout 30000ms exceeded.
Call log:
  - waiting for locator("button.XFwMiH[type=\"submit\"]") to be visible
Traceback (most recent call last):
  File "C:\Users\Admin\OneDrive - StayAhead\Documents\Demo_Sruthy\flipkart_automation\modules\bot_runner.py", line 92, in run_bot
    await search_product(
    ...<2 lines>...
    )
  File "C:\Users\Admin\OneDrive - StayAhead\Documents\Demo_Sruthy\flipkart_automation\modules\flipkart_actions.py", line 36, in search_product
    await search_button.wait_for(
    ...<2 lines>...
    )
  File "C:\Users\Admin\OneDrive - StayAhead\Documents\Demo_Sruthy\flipkart_automation\flipkart_env\Lib\site-packages\playwright\async_api\_generated.py", line 20672, in wait_for
    await self._impl_obj.wait_for(timeout=to_milliseconds(timeout), state=state)
  File "C:\Users\Admin\OneDrive - StayAhead\Documents\Demo_Sruthy\flipkart_automation\flipkart_env\Lib\site-packages\playwright\_impl\_locator.py", line 752, in wait_for
    await self._frame.wait_for_selector(
        self._selector, strict=True, timeout=timeout, state=state
    )
  File "C:\Users\Admin\OneDrive - StayAhead\Documents\Demo_Sruthy\flipkart_automation\flipkart_env\Lib\site-packages\playwright\_impl\_frame.py", line 395, in wait_for_selector
    await self._channel.send(
        "waitForSelector", self._timeout, locals_to_params(locals())
    )
  File "C:\Users\Admin\OneDrive - StayAhead\Documents\Demo_Sruthy\flipkart_automation\flipkart_env\Lib\site-packages\playwright\_impl\_connection.py", line 76, in send
    return await self._connection.wrap_api_call(
           ^^^^^^^^^^^^^^^^^^^^^^^^^^^^^^^^^^^^^
    ...<3 lines>...
    )
    ^
  File "C:\Users\Admin\OneDrive - StayAhead\Documents\Demo_Sruthy\flipkart_automation\flipkart_env\Lib\site-packages\playwright\_impl\_connection.py", line 632, in wrap_api_call
    raise rewrite_error(error, f"{parsed_st['apiName']}: {error}") from None
playwright._impl._errors.TimeoutError: Locator.wait_for: Timeout 30000ms exceeded.
Call log:
  - waiting for locator("button.XFwMiH[type=\"submit\"]") to be visible

2026-09-30 11:22:41 - ERROR - Automation failed
2026-09-30 11:22:41 - INFO - Flipkart Automation Completed
2026-09-30 11:55:56 - INFO - Flipkart Automation Started
2026-09-30 11:56:00 - INFO - Flipkart opened successfully
2026-09-30 11:56:00 - INFO - Logging into flipkart
2026-09-30 11:56:06 - INFO - Product entered: Laptop
2026-09-30 11:56:06 - INFO - Search clicked: Laptop
2026-09-30 11:56:07 - INFO - Search completed successfully: Laptop
2026-09-30 11:56:07 - INFO - Applying Price filter
2026-09-30 11:56:08 - INFO - Maximum price selected: 40000
2026-09-30 11:56:18 - ERROR - Rating filter not found.
2026-09-30 11:56:21 - INFO - Product entered: Phone
2026-09-30 11:56:51 - ERROR - Search failed
2026-09-30 11:56:51 - ERROR - Automation failed: Locator.wait_for: Timeout 30000ms exceeded.
Call log:
  - waiting for locator("button.XFwMiH[type=\"submit\"]") to be visible
Traceback (most recent call last):
  File "C:\Users\Admin\OneDrive - StayAhead\Documents\Demo_Sruthy\flipkart_automation\modules\bot_runner.py", line 92, in run_bot
    await search_product(
    ...<2 lines>...
    )
  File "C:\Users\Admin\OneDrive - StayAhead\Documents\Demo_Sruthy\flipkart_automation\modules\flipkart_actions.py", line 36, in search_product
    await search_button.wait_for(
    ...<2 lines>...
    )
  File "C:\Users\Admin\OneDrive - StayAhead\Documents\Demo_Sruthy\flipkart_automation\flipkart_env\Lib\site-packages\playwright\async_api\_generated.py", line 20672, in wait_for
    await self._impl_obj.wait_for(timeout=to_milliseconds(timeout), state=state)
  File "C:\Users\Admin\OneDrive - StayAhead\Documents\Demo_Sruthy\flipkart_automation\flipkart_env\Lib\site-packages\playwright\_impl\_locator.py", line 752, in wait_for
    await self._frame.wait_for_selector(
        self._selector, strict=True, timeout=timeout, state=state
    )
  File "C:\Users\Admin\OneDrive - StayAhead\Documents\Demo_Sruthy\flipkart_automation\flipkart_env\Lib\site-packages\playwright\_impl\_frame.py", line 395, in wait_for_selector
    await self._channel.send(
        "waitForSelector", self._timeout, locals_to_params(locals())
    )
  File "C:\Users\Admin\OneDrive - StayAhead\Documents\Demo_Sruthy\flipkart_automation\flipkart_env\Lib\site-packages\playwright\_impl\_connection.py", line 76, in send
    return await self._connection.wrap_api_call(
           ^^^^^^^^^^^^^^^^^^^^^^^^^^^^^^^^^^^^^
    ...<3 lines>...
    )
    ^
  File "C:\Users\Admin\OneDrive - StayAhead\Documents\Demo_Sruthy\flipkart_automation\flipkart_env\Lib\site-packages\playwright\_impl\_connection.py", line 632, in wrap_api_call
    raise rewrite_error(error, f"{parsed_st['apiName']}: {error}") from None
playwright._impl._errors.TimeoutError: Locator.wait_for: Timeout 30000ms exceeded.
Call log:
  - waiting for locator("button.XFwMiH[type=\"submit\"]") to be visible

2026-09-30 11:56:51 - ERROR - Automation failed
2026-09-30 11:56:51 - INFO - Flipkart Automation Completed
2026-09-30 11:58:18 - INFO - Flipkart Automation Started
2026-09-30 11:58:21 - INFO - Flipkart opened successfully
2026-09-30 11:58:21 - INFO - Logging into flipkart
2026-09-30 11:58:27 - INFO - Product entered: Laptop
2026-09-30 11:58:28 - INFO - Search clicked: Laptop
2026-09-30 11:58:28 - INFO - Search completed successfully: Laptop
2026-09-30 11:58:28 - INFO - Applying Price filter
2026-09-30 11:58:29 - INFO - Maximum price selected: 40000
2026-09-30 11:58:35 - INFO - Product entered: Phone
2026-09-30 11:59:05 - ERROR - Search failed
2026-09-30 11:59:05 - ERROR - Automation failed: Locator.wait_for: Timeout 30000ms exceeded.
Call log:
  - waiting for locator("button.XFwMiH[type=\"submit\"]") to be visible
Traceback (most recent call last):
  File "C:\Users\Admin\OneDrive - StayAhead\Documents\Demo_Sruthy\flipkart_automation\modules\bot_runner.py", line 92, in run_bot
    await search_product(
    ...<2 lines>...
    )
  File "C:\Users\Admin\OneDrive - StayAhead\Documents\Demo_Sruthy\flipkart_automation\modules\flipkart_actions.py", line 36, in search_product
    await search_button.wait_for(
    ...<2 lines>...
    )
  File "C:\Users\Admin\OneDrive - StayAhead\Documents\Demo_Sruthy\flipkart_automation\flipkart_env\Lib\site-packages\playwright\async_api\_generated.py", line 20672, in wait_for
    await self._impl_obj.wait_for(timeout=to_milliseconds(timeout), state=state)
  File "C:\Users\Admin\OneDrive - StayAhead\Documents\Demo_Sruthy\flipkart_automation\flipkart_env\Lib\site-packages\playwright\_impl\_locator.py", line 752, in wait_for
    await self._frame.wait_for_selector(
        self._selector, strict=True, timeout=timeout, state=state
    )
  File "C:\Users\Admin\OneDrive - StayAhead\Documents\Demo_Sruthy\flipkart_automation\flipkart_env\Lib\site-packages\playwright\_impl\_frame.py", line 395, in wait_for_selector
    await self._channel.send(
        "waitForSelector", self._timeout, locals_to_params(locals())
    )
  File "C:\Users\Admin\OneDrive - StayAhead\Documents\Demo_Sruthy\flipkart_automation\flipkart_env\Lib\site-packages\playwright\_impl\_connection.py", line 76, in send
    return await self._connection.wrap_api_call(
           ^^^^^^^^^^^^^^^^^^^^^^^^^^^^^^^^^^^^^
    ...<3 lines>...
    )
    ^
  File "C:\Users\Admin\OneDrive - StayAhead\Documents\Demo_Sruthy\flipkart_automation\flipkart_env\Lib\site-packages\playwright\_impl\_connection.py", line 632, in wrap_api_call
    raise rewrite_error(error, f"{parsed_st['apiName']}: {error}") from None
playwright._impl._errors.TimeoutError: Locator.wait_for: Timeout 30000ms exceeded.
Call log:
  - waiting for locator("button.XFwMiH[type=\"submit\"]") to be visible

2026-09-30 11:59:05 - ERROR - Automation failed
2026-09-30 11:59:05 - INFO - Flipkart Automation Completed
2026-09-30 12:05:55 - INFO - Flipkart Automation Started
2026-09-30 12:05:59 - INFO - Flipkart opened successfully
2026-09-30 12:05:59 - INFO - Logging into flipkart
2026-09-30 12:06:05 - INFO - Product entered: Laptop
2026-09-30 12:06:06 - INFO - Search clicked: Laptop
2026-09-30 12:06:06 - INFO - Search completed successfully: Laptop
2026-09-30 12:06:06 - INFO - Applying Price filter
2026-09-30 12:06:07 - INFO - Maximum price selected: 40000
2026-09-30 12:06:13 - INFO - Product entered: Phone
2026-09-30 12:06:43 - ERROR - Search failed
2026-09-30 12:06:43 - ERROR - Automation failed: Locator.wait_for: Timeout 30000ms exceeded.
Call log:
  - waiting for locator("button.XFwMiH[type=\"submit\"]") to be visible
Traceback (most recent call last):
  File "C:\Users\Admin\OneDrive - StayAhead\Documents\Demo_Sruthy\flipkart_automation\modules\bot_runner.py", line 93, in run_bot
    await search_product(
    ...<2 lines>...
    )
  File "C:\Users\Admin\OneDrive - StayAhead\Documents\Demo_Sruthy\flipkart_automation\modules\flipkart_actions.py", line 36, in search_product
    await search_button.wait_for(
    ...<2 lines>...
    )
  File "C:\Users\Admin\OneDrive - StayAhead\Documents\Demo_Sruthy\flipkart_automation\flipkart_env\Lib\site-packages\playwright\async_api\_generated.py", line 20672, in wait_for
    await self._impl_obj.wait_for(timeout=to_milliseconds(timeout), state=state)
  File "C:\Users\Admin\OneDrive - StayAhead\Documents\Demo_Sruthy\flipkart_automation\flipkart_env\Lib\site-packages\playwright\_impl\_locator.py", line 752, in wait_for
    await self._frame.wait_for_selector(
        self._selector, strict=True, timeout=timeout, state=state
    )
  File "C:\Users\Admin\OneDrive - StayAhead\Documents\Demo_Sruthy\flipkart_automation\flipkart_env\Lib\site-packages\playwright\_impl\_frame.py", line 395, in wait_for_selector
    await self._channel.send(
        "waitForSelector", self._timeout, locals_to_params(locals())
    )
  File "C:\Users\Admin\OneDrive - StayAhead\Documents\Demo_Sruthy\flipkart_automation\flipkart_env\Lib\site-packages\playwright\_impl\_connection.py", line 76, in send
    return await self._connection.wrap_api_call(
           ^^^^^^^^^^^^^^^^^^^^^^^^^^^^^^^^^^^^^
    ...<3 lines>...
    )
    ^
  File "C:\Users\Admin\OneDrive - StayAhead\Documents\Demo_Sruthy\flipkart_automation\flipkart_env\Lib\site-packages\playwright\_impl\_connection.py", line 632, in wrap_api_call
    raise rewrite_error(error, f"{parsed_st['apiName']}: {error}") from None
playwright._impl._errors.TimeoutError: Locator.wait_for: Timeout 30000ms exceeded.
Call log:
  - waiting for locator("button.XFwMiH[type=\"submit\"]") to be visible

2026-09-30 12:06:43 - ERROR - Automation failed
2026-09-30 12:06:43 - INFO - Flipkart Automation Completed
2026-09-30 12:28:21 - INFO - Flipkart Automation Started
2026-09-30 12:28:25 - INFO - Flipkart opened successfully
2026-09-30 12:28:25 - INFO - Logging into flipkart
2026-09-30 12:28:31 - INFO - Product entered: Laptop
2026-09-30 12:28:32 - INFO - Search clicked: Laptop
2026-09-30 12:28:32 - INFO - Search completed successfully: Laptop
2026-09-30 12:28:32 - INFO - Applying Price filter
2026-09-30 12:28:33 - INFO - Maximum price selected: 40000
2026-09-30 12:28:43 - INFO - Product entered: Phone
2026-09-30 12:29:13 - ERROR - Search failed
2026-09-30 12:29:13 - ERROR - Automation failed: Locator.wait_for: Timeout 30000ms exceeded.
Call log:
  - waiting for locator("button.XFwMiH[type=\"submit\"]") to be visible
Traceback (most recent call last):
  File "C:\Users\Admin\OneDrive - StayAhead\Documents\Demo_Sruthy\flipkart_automation\modules\bot_runner.py", line 98, in run_bot
    await search_product(
    ...<2 lines>...
    )
  File "C:\Users\Admin\OneDrive - StayAhead\Documents\Demo_Sruthy\flipkart_automation\modules\flipkart_actions.py", line 36, in search_product
    await search_button.wait_for(
    ...<2 lines>...
    )
  File "C:\Users\Admin\OneDrive - StayAhead\Documents\Demo_Sruthy\flipkart_automation\flipkart_env\Lib\site-packages\playwright\async_api\_generated.py", line 20672, in wait_for
    await self._impl_obj.wait_for(timeout=to_milliseconds(timeout), state=state)
  File "C:\Users\Admin\OneDrive - StayAhead\Documents\Demo_Sruthy\flipkart_automation\flipkart_env\Lib\site-packages\playwright\_impl\_locator.py", line 752, in wait_for
    await self._frame.wait_for_selector(
        self._selector, strict=True, timeout=timeout, state=state
    )
  File "C:\Users\Admin\OneDrive - StayAhead\Documents\Demo_Sruthy\flipkart_automation\flipkart_env\Lib\site-packages\playwright\_impl\_frame.py", line 395, in wait_for_selector
    await self._channel.send(
        "waitForSelector", self._timeout, locals_to_params(locals())
    )
  File "C:\Users\Admin\OneDrive - StayAhead\Documents\Demo_Sruthy\flipkart_automation\flipkart_env\Lib\site-packages\playwright\_impl\_connection.py", line 76, in send
    return await self._connection.wrap_api_call(
           ^^^^^^^^^^^^^^^^^^^^^^^^^^^^^^^^^^^^^
    ...<3 lines>...
    )
    ^
  File "C:\Users\Admin\OneDrive - StayAhead\Documents\Demo_Sruthy\flipkart_automation\flipkart_env\Lib\site-packages\playwright\_impl\_connection.py", line 632, in wrap_api_call
    raise rewrite_error(error, f"{parsed_st['apiName']}: {error}") from None
playwright._impl._errors.TimeoutError: Locator.wait_for: Timeout 30000ms exceeded.
Call log:
  - waiting for locator("button.XFwMiH[type=\"submit\"]") to be visible

2026-09-30 12:29:14 - ERROR - Automation failed
2026-09-30 12:29:14 - INFO - Flipkart Automation Completed
2026-09-30 12:38:09 - INFO - Flipkart Automation Started
2026-09-30 12:38:13 - INFO - Flipkart opened successfully
2026-09-30 12:38:13 - INFO - Logging into flipkart
2026-09-30 12:38:19 - INFO - Product entered: Laptop
2026-09-30 12:38:19 - INFO - Search clicked: Laptop
2026-09-30 12:38:19 - INFO - Search completed successfully: Laptop
2026-09-30 12:38:19 - INFO - Applying Price filter
2026-09-30 12:38:20 - INFO - Maximum price selected: 40000
2026-09-30 12:38:31 - INFO - Product entered: Phone
2026-09-30 12:39:01 - ERROR - Search failed
2026-09-30 12:39:01 - ERROR - Automation failed: Locator.wait_for: Timeout 30000ms exceeded.
Call log:
  - waiting for locator("button.XFwMiH[type=\"submit\"]") to be visible
Traceback (most recent call last):
  File "C:\Users\Admin\OneDrive - StayAhead\Documents\Demo_Sruthy\flipkart_automation\modules\bot_runner.py", line 98, in run_bot
    await search_product(
    ...<2 lines>...
    )
  File "C:\Users\Admin\OneDrive - StayAhead\Documents\Demo_Sruthy\flipkart_automation\modules\flipkart_actions.py", line 36, in search_product
    await search_button.wait_for(
    ...<2 lines>...
    )
  File "C:\Users\Admin\OneDrive - StayAhead\Documents\Demo_Sruthy\flipkart_automation\flipkart_env\Lib\site-packages\playwright\async_api\_generated.py", line 20672, in wait_for
    await self._impl_obj.wait_for(timeout=to_milliseconds(timeout), state=state)
  File "C:\Users\Admin\OneDrive - StayAhead\Documents\Demo_Sruthy\flipkart_automation\flipkart_env\Lib\site-packages\playwright\_impl\_locator.py", line 752, in wait_for
    await self._frame.wait_for_selector(
        self._selector, strict=True, timeout=timeout, state=state
    )
  File "C:\Users\Admin\OneDrive - StayAhead\Documents\Demo_Sruthy\flipkart_automation\flipkart_env\Lib\site-packages\playwright\_impl\_frame.py", line 395, in wait_for_selector
    await self._channel.send(
        "waitForSelector", self._timeout, locals_to_params(locals())
    )
  File "C:\Users\Admin\OneDrive - StayAhead\Documents\Demo_Sruthy\flipkart_automation\flipkart_env\Lib\site-packages\playwright\_impl\_connection.py", line 76, in send
    return await self._connection.wrap_api_call(
           ^^^^^^^^^^^^^^^^^^^^^^^^^^^^^^^^^^^^^
    ...<3 lines>...
    )
    ^
  File "C:\Users\Admin\OneDrive - StayAhead\Documents\Demo_Sruthy\flipkart_automation\flipkart_env\Lib\site-packages\playwright\_impl\_connection.py", line 632, in wrap_api_call
    raise rewrite_error(error, f"{parsed_st['apiName']}: {error}") from None
playwright._impl._errors.TimeoutError: Locator.wait_for: Timeout 30000ms exceeded.
Call log:
  - waiting for locator("button.XFwMiH[type=\"submit\"]") to be visible

2026-09-30 12:39:01 - ERROR - Automation failed
2026-09-30 12:39:01 - INFO - Flipkart Automation Completed
2026-09-30 13:51:04 - INFO - Flipkart Automation Started
2026-09-30 13:51:08 - INFO - Flipkart opened successfully
2026-09-30 13:51:08 - INFO - Logging into flipkart
2026-09-30 13:51:14 - INFO - Product entered: Laptop
2026-09-30 13:51:15 - INFO - Search clicked: Laptop
2026-09-30 13:51:18 - INFO - Search completed successfully: Laptop
2026-09-30 13:51:18 - INFO - Applying Price filter
2026-09-30 13:51:18 - INFO - Maximum price selected: 40000
2026-09-30 13:51:29 - INFO - Product entered: Phone
2026-09-30 13:51:29 - INFO - Search clicked: Phone
2026-09-30 13:51:32 - INFO - Search completed successfully: Phone
2026-09-30 13:51:32 - INFO - Applying Price filter
2026-09-30 13:51:32 - INFO - Maximum price selected: 20000
2026-09-30 13:51:42 - ERROR - Rating filter not found.
2026-09-30 13:51:49 - INFO - Product entered: Headphone
2026-09-30 13:51:49 - INFO - Search clicked: Headphone
2026-09-30 13:51:52 - INFO - Search completed successfully: Headphone
2026-09-30 13:51:52 - INFO - Applying Price filter
2026-09-30 13:51:52 - INFO - Maximum price selected: 2000
2026-09-30 13:52:02 - INFO - Product entered: Speaker
2026-09-30 13:52:02 - INFO - Search clicked: Speaker
2026-09-30 13:52:05 - INFO - Search completed successfully: Speaker
2026-09-30 13:52:05 - INFO - Applying Price filter
2026-09-30 13:52:05 - INFO - Maximum price selected: 2000
2026-09-30 13:52:15 - INFO - Product entered: ipad
2026-09-30 13:52:15 - INFO - Search clicked: ipad
2026-09-30 13:52:18 - INFO - Search completed successfully: ipad
2026-09-30 13:52:18 - INFO - Applying Price filter
2026-09-30 13:52:18 - INFO - Maximum price selected: 25000
2026-09-30 13:52:25 - ERROR - Automation failed
2026-09-30 13:52:25 - INFO - Flipkart Automation Completed
2026-09-30 14:21:25 - INFO - Flipkart Automation Started
2026-09-30 14:21:25 - INFO - BOT RUNNER STARTED
2026-09-30 14:21:30 - INFO - Trigger email sent.
2026-09-30 14:21:31 - INFO - Opening Flipkart...
2026-09-30 14:21:33 - INFO - Flipkart opened successfully
2026-09-30 14:21:33 - INFO - Logging into flipkart
2026-09-30 14:21:36 - INFO - Products found in Excel: 5
2026-09-30 14:21:36 - INFO - 
==================================================
2026-09-30 14:21:36 - INFO - Processing Product : Laptop
2026-09-30 14:21:36 - INFO - Maximum Price      : 40000
2026-09-30 14:21:36 - INFO - Customer Rating    : 3
2026-09-30 14:21:36 - INFO - ==================================================
2026-09-30 14:21:36 - INFO - Search Laptop - Attempt 1/3
2026-09-30 14:21:36 - INFO - Searching product: Laptop
2026-09-30 14:21:39 - INFO - Product entered: Laptop
2026-09-30 14:21:39 - INFO - Search clicked: Laptop
2026-09-30 14:21:42 - INFO - Search completed successfully: Laptop
2026-09-30 14:21:42 - INFO - Search Laptop completed successfully.
2026-09-30 14:21:42 - INFO - Price Filter - Attempt 1/3
2026-09-30 14:21:42 - INFO - Applying price filter: 40000
2026-09-30 14:21:42 - INFO - Price filter found.
2026-09-30 14:21:42 - INFO - Price dropdowns found: 2
2026-09-30 14:21:42 - INFO - Maximum price selected: 40000
2026-09-30 14:21:42 - INFO - Price Filter completed successfully.
2026-09-30 14:21:42 - INFO - Rating Filter - Attempt 1/3
2026-09-30 14:21:42 - INFO - Applying rating filter: 3
2026-09-30 14:21:43 - INFO - Customer Ratings filter found.
2026-09-30 14:21:43 - INFO - Rating filter selected: 3\u2605 & above
2026-09-30 14:21:43 - INFO - Rating checkbox checked: False
2026-09-30 14:21:45 - INFO - Rating filter applied successfully: 3\u2605 & above
2026-09-30 14:21:45 - INFO - Rating Filter completed successfully.
2026-09-30 14:21:45 - INFO - Get Products - Laptop - Attempt 1/3
2026-09-30 14:21:45 - INFO - Getting products...
2026-09-30 14:21:45 - INFO - 
Product 1
2026-09-30 14:21:45 - INFO - Name   : 
2026-09-30 14:21:45 - INFO - Price  : 
2026-09-30 14:21:45 - INFO - Rating : 
2026-09-30 14:21:45 - INFO - URL    : https://www.flipkart.com/lenovo-100e-chromebook-gen-4-mediatek-kompanio-520-4-gb-32-gb-emmc-storage-chrome-os/p/itm041aea27f1885?pid=COMHA9FK8YXVUUWA&lid=LSTCOMHA9FK8YXVUUWAAREQMZ&marketplace=FLIPKART&q=Laptop&store=6bo%2Fb5g&srno=s_1_1&otracker=search&otracker1=search&fm=Search&iid=d81d3070-9661-4a4c-904e-5148a477655f.COMHA9FK8YXVUUWA.SEARCH&ppt=sp&ppn=sp&ssid=j47paa1scg0000001790758300297&qH=146bdebb324a64d3&ov_redirect=true
2026-09-30 14:21:45 - INFO - Image  : https://rukminim2.flixcart.com/image/312/312/xif0q/computer/c/g/4/-enriched-transparent-original-imahgfdyf6grkw9r.png?q=70
2026-09-30 14:21:45 - INFO - 
Product 2
2026-09-30 14:21:45 - INFO - Name   : 
2026-09-30 14:21:45 - INFO - Price  : 
2026-09-30 14:21:45 - INFO - Rating : 
2026-09-30 14:21:45 - INFO - URL    : https://www.flipkart.com/neopticon-intel-celeron-dual-core-n4020-4-gb-128-gb-ssd-windows-11-home-bbn40412814-laptop/p/itm8249747b82715?pid=COMHZK89YGZAHHZC&lid=LSTCOMHZK89YGZAHHZCZ44OFQ&marketplace=FLIPKART&q=Laptop&store=6bo%2Fb5g&srno=s_1_2&otracker=search&otracker1=search&fm=Search&iid=d81d3070-9661-4a4c-904e-5148a477655f.COMHZK89YGZAHHZC.SEARCH&ppt=sp&ppn=sp&ssid=j47paa1scg0000001790758300297&qH=146bdebb324a64d3&ov_redirect=true
2026-09-30 14:21:45 - INFO - Image  : https://rukminim2.flixcart.com/image/312/312/xif0q/computer/x/j/d/bbn40412814-laptop-neopticon-original-imahzk89yvgd4spy.jpeg?q=70
2026-09-30 14:21:45 - INFO - 
Product 3
2026-09-30 14:21:45 - INFO - Name   : 
2026-09-30 14:21:45 - INFO - Price  : 
2026-09-30 14:21:45 - INFO - Rating : 
2026-09-30 14:21:45 - INFO - URL    : https://www.flipkart.com/acer-aspire-lite-metal-2026-amd-ryzen-3-quad-core-5400u-8-gb-512-gb-ssd-windows-11-home-al15-41-thin-light-laptop/p/itm1bc0bcb4598e7?pid=COMH2TPSM9V7V38F&lid=LSTCOMH2TPSM9V7V38F5SNKCO&marketplace=FLIPKART&q=Laptop&store=6bo%2Fb5g&srno=s_1_3&otracker=search&otracker1=search&fm=Search&iid=d81d3070-9661-4a4c-904e-5148a477655f.COMH2TPSM9V7V38F.SEARCH&ppt=sp&ppn=sp&ssid=j47paa1scg0000001790758300297&qH=146bdebb324a64d3&ov_redirect=true
2026-09-30 14:21:45 - INFO - Image  : https://rukminim2.flixcart.com/image/312/312/xif0q/computer/b/k/d/-original-imahb2kbf2zdan3z.jpeg?q=70
2026-09-30 14:21:45 - INFO - 
Total products selected: 3
2026-09-30 14:21:45 - INFO - Get Products - Laptop completed successfully.
2026-09-30 14:21:45 - INFO - Products extracted for Laptop
2026-09-30 14:21:49 - INFO - 
==================================================
2026-09-30 14:21:49 - INFO - Processing Product : Phone
2026-09-30 14:21:49 - INFO - Maximum Price      : 20000
2026-09-30 14:21:49 - INFO - Customer Rating    : 4
2026-09-30 14:21:49 - INFO - ==================================================
2026-09-30 14:21:49 - INFO - Search Phone - Attempt 1/3
2026-09-30 14:21:49 - INFO - Searching product: Phone
2026-09-30 14:21:52 - INFO - Product entered: Phone
2026-09-30 14:21:52 - INFO - Search clicked: Phone
2026-09-30 14:21:55 - INFO - Search completed successfully: Phone
2026-09-30 14:21:55 - INFO - Search Phone completed successfully.
2026-09-30 14:21:55 - INFO - Price Filter - Attempt 1/3
2026-09-30 14:21:55 - INFO - Applying price filter: 20000
2026-09-30 14:21:55 - INFO - Price filter found.
2026-09-30 14:21:55 - INFO - Price dropdowns found: 2
2026-09-30 14:21:55 - INFO - Maximum price selected: 20000
2026-09-30 14:21:55 - INFO - Price Filter completed successfully.
2026-09-30 14:21:55 - INFO - Rating Filter - Attempt 1/3
2026-09-30 14:21:55 - INFO - Applying rating filter: 4
2026-09-30 14:21:55 - INFO - Customer Ratings filter found.
2026-09-30 14:22:05 - ERROR - Rating filter not found.
2026-09-30 14:22:05 - INFO - Rating Filter completed successfully.
2026-09-30 14:22:05 - INFO - Get Products - Phone - Attempt 1/3
2026-09-30 14:22:05 - INFO - Getting products...
2026-09-30 14:22:05 - INFO - 
Product 1
2026-09-30 14:22:05 - INFO - Name   : 
2026-09-30 14:22:05 - INFO - Price  : 
2026-09-30 14:22:05 - INFO - Rating : 
2026-09-30 14:22:05 - INFO - URL    : https://www.flipkart.com/boltt-evo-berry-red-64-gb/p/itmf046d663a1fd7?pid=MOBHPP598ENKRGBY&lid=LSTMOBHPP598ENKRGBYC3QECN&marketplace=FLIPKART&q=Phone&store=tyy%2F4io&srno=s_1_1&otracker=search&otracker1=search&fm=Search&iid=en_NDtfUXuVTPWoX21Czbx7PxWnPlHKLkC8R2xaHW-ye1kuyLSqpGty2AowS_taUPuZzn_eFLqIPJrk8ZBiMVkJK-FzmzI3iCzTQp_HAbSljYT98dPrMJ-CkKfBsIKxMj8-&ppt=sp&ppn=sp&ssid=4gh9vumu2o0000001790758312291&qH=bcc254b55c4a1bab&ov_redirect=true
2026-09-30 14:22:05 - INFO - Image  : https://rukminim2.flixcart.com/image/312/312/xif0q/mobile/d/b/p/-resized-original-imahqk5pywazwh3t.jpeg?q=70
2026-09-30 14:22:05 - INFO - 
Product 2
2026-09-30 14:22:05 - INFO - Name   : 
2026-09-30 14:22:05 - INFO - Price  : 
2026-09-30 14:22:05 - INFO - Rating : 
2026-09-30 14:22:05 - INFO - URL    : https://www.flipkart.com/nokia-105-classic-single-sim-keypad-phone-without-charger/p/itmfdb404ec1d0f4?pid=MOBGWZUWPTFTQZAH&lid=LSTMOBGWZUWPTFTQZAHSIXCDR&marketplace=FLIPKART&q=Phone&store=tyy%2F4io&spotlightTagId=default_BestsellerId_tyy%2F4io&srno=s_1_2&otracker=search&otracker1=search&fm=Search&iid=43724df2-bd8c-4b0e-a1bb-84c2512acfb8.MOBGWZUWPTFTQZAH.SEARCH&ppt=sp&ppn=sp&ssid=4gh9vumu2o0000001790758312291&qH=bcc254b55c4a1bab&ov_redirect=true
2026-09-30 14:22:05 - INFO - Image  : https://rukminim2.flixcart.com/image/312/312/xif0q/mobile/p/o/i/105-single-sim-keypad-mobile-phone-with-wireless-fm-radio-nokia-resized-original-imah2xgc9z6cwcqv.jpeg?q=70
2026-09-30 14:22:05 - INFO - 
Product 3
2026-09-30 14:22:05 - INFO - Name   : 
2026-09-30 14:22:05 - INFO - Price  : 
2026-09-30 14:22:05 - INFO - Rating : 
2026-09-30 14:22:05 - INFO - URL    : https://www.flipkart.com/ai-nova-2-power-5g-golden-blue-fusion-128-gb/p/itm7b8c83184267c?pid=MOBHQZVX5NEK5NEY&lid=LSTMOBHQZVX5NEK5NEY31WRWI&marketplace=FLIPKART&q=Phone&store=tyy%2F4io&srno=s_1_3&otracker=search&otracker1=search&fm=Search&iid=43724df2-bd8c-4b0e-a1bb-84c2512acfb8.MOBHQZVX5NEK5NEY.SEARCH&ppt=sp&ppn=sp&ssid=4gh9vumu2o0000001790758312291&qH=bcc254b55c4a1bab&ov_redirect=true
2026-09-30 14:22:05 - INFO - Image  : https://rukminim2.flixcart.com/image/312/312/xif0q/mobile/y/j/q/-original-imahrf3uqhwhfesh.jpeg?q=70
2026-09-30 14:22:05 - INFO - 
Total products selected: 3
2026-09-30 14:22:05 - INFO - Get Products - Phone completed successfully.
2026-09-30 14:22:05 - INFO - Products extracted for Phone
2026-09-30 14:22:09 - INFO - 
==================================================
2026-09-30 14:22:09 - INFO - Processing Product : Headphone
2026-09-30 14:22:09 - INFO - Maximum Price      : 2000
2026-09-30 14:22:09 - INFO - Customer Rating    : 3
2026-09-30 14:22:09 - INFO - ==================================================
2026-09-30 14:22:09 - INFO - Search Headphone - Attempt 1/3
2026-09-30 14:22:09 - INFO - Searching product: Headphone
2026-09-30 14:22:12 - INFO - Product entered: Headphone
2026-09-30 14:22:12 - INFO - Search clicked: Headphone
2026-09-30 14:22:15 - INFO - Search completed successfully: Headphone
2026-09-30 14:22:15 - INFO - Search Headphone completed successfully.
2026-09-30 14:22:15 - INFO - Price Filter - Attempt 1/3
2026-09-30 14:22:15 - INFO - Applying price filter: 2000
2026-09-30 14:22:15 - INFO - Price filter found.
2026-09-30 14:22:15 - INFO - Price dropdowns found: 2
2026-09-30 14:22:15 - INFO - Maximum price selected: 2000
2026-09-30 14:22:15 - INFO - Price Filter completed successfully.
2026-09-30 14:22:15 - INFO - Rating Filter - Attempt 1/3
2026-09-30 14:22:15 - INFO - Applying rating filter: 3
2026-09-30 14:22:15 - INFO - Customer Ratings filter found.
2026-09-30 14:22:16 - INFO - Rating filter selected: 3\u2605 & above
2026-09-30 14:22:16 - INFO - Rating checkbox checked: False
2026-09-30 14:22:18 - INFO - Rating filter applied successfully: 3\u2605 & above
2026-09-30 14:22:18 - INFO - Rating Filter completed successfully.
2026-09-30 14:22:18 - INFO - Get Products - Headphone - Attempt 1/3
2026-09-30 14:22:18 - INFO - Getting products...
2026-09-30 14:22:18 - INFO - 
Product 1
2026-09-30 14:22:18 - INFO - Name   : Mivi Duopods K2, 40Hrs PT, HD Call, Fast Charging, 50ms...
2026-09-30 14:22:18 - INFO - Price  : 
2026-09-30 14:22:18 - INFO - Rating : 
2026-09-30 14:22:18 - INFO - URL    : https://www.flipkart.com/mivi-duopods-k2-40hrs-pt-hd-call-fast-charging-50ms-latency-ipx4-voice-asst-5-3v-bluetooth/p/itm6e514d29fd947?pid=ACCGPFCN6ZKBF5MD&lid=LSTACCGPFCN6ZKBF5MDRNL8SQ&marketplace=FLIPKART&q=Headphone&store=0pm%2Ffcn&srno=s_1_1&otracker=search&otracker1=search&fm=Search&iid=en_A001ASM4cN0d0RChIVj3uy7bJ_gcff8PaTUnp5ClOJbMI7NwphcqPhKLCI9quyIhu4FzVfBnGVcIyAwcEnIqO-DknNyeusk8SJjq7Xwsgg9JUgX7Jhl3gCvTb39eGSSA&ppt=sp&ppn=sp&ssid=x74iozv1ts0000001790758332292&qH=52f40b8ad1f6b467&ov_redirect=true&ov_redirect=true
2026-09-30 14:22:18 - INFO - Image  : https://rukminim2.flixcart.com/image/612/612/xif0q/headphone/l/q/s/-original-imahzv5q8zn5qvme.jpeg?q=70
2026-09-30 14:22:18 - INFO - 
Product 2
2026-09-30 14:22:18 - INFO - Name   : Aroma NB120 Amaze Upto 50 Hours Playtime*, Fast Chargin...
2026-09-30 14:22:18 - INFO - Price  : 
2026-09-30 14:22:18 - INFO - Rating : 
2026-09-30 14:22:18 - INFO - URL    : https://www.flipkart.com/aroma-nb120-amaze-upto-50-hours-playtime-fast-charging-dual-pairing-neckband-bluetooth/p/itmcaffc9be2871e?pid=ACCHDFNHMZWQABDN&lid=LSTACCHDFNHMZWQABDNHRENMC&marketplace=FLIPKART&q=Headphone&store=0pm%2Ffcn&srno=s_1_2&otracker=search&otracker1=search&fm=Search&iid=en_A001ASM4cN0d0RChIVj3uy7bJ_gcff8PaTUnp5ClOJZ6ftE7jgEm3BmtNMsGRbdN1NGz98QwQpm3GcMmcSfyUXxYhC_3Wet9bAX1NITAy4Dx7Qa5HjwZIMbSi_UExbbb&ppt=sp&ppn=sp&ssid=x74iozv1ts0000001790758332292&qH=52f40b8ad1f6b467&ov_redirect=true&ov_redirect=true
2026-09-30 14:22:18 - INFO - Image  : https://rukminim2.flixcart.com/image/612/612/xif0q/headphone/u/x/9/nb120-amaze-upto-50-hours-playtime-fast-charging-dual-pairing-original-imahd8bgft3dndh2.jpeg?q=70
2026-09-30 14:22:18 - INFO - 
Product 3
2026-09-30 14:22:18 - INFO - Name   : PTron Studio w/ Dual-Device Pairing, 60Hrs Playtime, HD...
2026-09-30 14:22:18 - INFO - Price  : 
2026-09-30 14:22:18 - INFO - Rating : 
2026-09-30 14:22:18 - INFO - URL    : https://www.flipkart.com/ptron-studio-w-dual-device-pairing-60hrs-playtime-hd-mic-40mm-drivers-bt5-4-bluetooth/p/itm428418398f35e?pid=ACCHGBHAFCEAQGHZ&lid=LSTACCHGBHAFCEAQGHZNHOFGO&marketplace=FLIPKART&q=Headphone&store=0pm%2Ffcn&srno=s_1_3&otracker=search&otracker1=search&fm=Search&iid=48ee5904-2675-4011-9a13-49a5b0c411af.ACCHGBHAFCEAQGHZ.SEARCH&ppt=sp&ppn=sp&ssid=x74iozv1ts0000001790758332292&qH=52f40b8ad1f6b467&ov_redirect=true&ov_redirect=true
2026-09-30 14:22:18 - INFO - Image  : https://rukminim2.flixcart.com/image/612/612/xif0q/headphone/q/e/x/-enriched-transparent-original-imahg5yzggargbs7.png?q=70
2026-09-30 14:22:18 - INFO - 
Total products selected: 3
2026-09-30 14:22:18 - INFO - Get Products - Headphone completed successfully.
2026-09-30 14:22:18 - INFO - Products extracted for Headphone
2026-09-30 14:22:22 - INFO - 
==================================================
2026-09-30 14:22:22 - INFO - Processing Product : Speaker
2026-09-30 14:22:22 - INFO - Maximum Price      : 2000
2026-09-30 14:22:22 - INFO - Customer Rating    : 4
2026-09-30 14:22:22 - INFO - ==================================================
2026-09-30 14:22:22 - INFO - Search Speaker - Attempt 1/3
2026-09-30 14:22:22 - INFO - Searching product: Speaker
2026-09-30 14:22:25 - INFO - Product entered: Speaker
2026-09-30 14:22:25 - INFO - Search clicked: Speaker
2026-09-30 14:22:28 - INFO - Search completed successfully: Speaker
2026-09-30 14:22:28 - INFO - Search Speaker completed successfully.
2026-09-30 14:22:28 - INFO - Price Filter - Attempt 1/3
2026-09-30 14:22:28 - INFO - Applying price filter: 2000
2026-09-30 14:22:28 - INFO - Price filter found.
2026-09-30 14:22:28 - INFO - Price dropdowns found: 2
2026-09-30 14:22:28 - INFO - Maximum price selected: 2000
2026-09-30 14:22:28 - INFO - Price Filter completed successfully.
2026-09-30 14:22:28 - INFO - Rating Filter - Attempt 1/3
2026-09-30 14:22:28 - INFO - Applying rating filter: 4
2026-09-30 14:22:28 - INFO - Customer Ratings filter found.
2026-09-30 14:22:28 - INFO - Rating filter selected: 4\u2605 & above
2026-09-30 14:22:28 - INFO - Rating checkbox checked: False
2026-09-30 14:22:30 - INFO - Rating filter applied successfully: 4\u2605 & above
2026-09-30 14:22:30 - INFO - Rating Filter completed successfully.
2026-09-30 14:22:30 - INFO - Get Products - Speaker - Attempt 1/3
2026-09-30 14:22:30 - INFO - Getting products...
2026-09-30 14:22:30 - INFO - 
Product 1
2026-09-30 14:22:30 - INFO - Name   : TRIGGR Horizon 16 with Dual Drivers, 7Hrs Playtime, MEM...
2026-09-30 14:22:30 - INFO - Price  : 
2026-09-30 14:22:30 - INFO - Rating : 
2026-09-30 14:22:30 - INFO - URL    : https://www.flipkart.com/triggr-horizon-16-dual-drivers-7hrs-playtime-mems-mic-tws-function-w-bluetooth-speaker/p/itmbfed43aa346a6?pid=ACCHHHSBZ5GZDZQT&lid=LSTACCHHHSBZ5GZDZQTGV5NAP&marketplace=FLIPKART&q=Speaker&store=0pm%2F0o7&srno=s_1_1&otracker=search&otracker1=search&fm=Search&iid=en_eJbsuwEeXvxc2-h42rDMH1t3D3fCfgxQX4wCBeCr4dANYJPvblK5Su1jifcjGUDzuoac-g26gbfLdqA6Gj8EMEmOSYNG4mLT6ckJx1qZeQ9iXHuxEAQRp_rq-lwlNGor&ppt=sp&ppn=sp&ssid=pndesqzyk00000001790758345250&qH=22cc65fdfc4417d6&ov_redirect=true&ov_redirect=true
2026-09-30 14:22:30 - INFO - Image  : https://rukminim2.flixcart.com/image/612/612/xif0q/speaker/p/a/n/-original-imahm4afbfgwtty7.jpeg?q=70
2026-09-30 14:22:30 - INFO - 
Product 2
2026-09-30 14:22:30 - INFO - Name   : boAt Bar 480/490, Free Music on , 7H Battery, Dual Full...
2026-09-30 14:22:30 - INFO - Price  : 
2026-09-30 14:22:30 - INFO - Rating : 
2026-09-30 14:22:30 - INFO - URL    : https://www.flipkart.com/boat-bar-480-490-free-music-7h-battery-dual-full-range-drivers-10-w-bluetooth-speaker/p/itm24daef7dae25e?pid=ACCGSXGTGJJ9X5ZU&lid=LSTACCGSXGTGJJ9X5ZUKXV3QA&marketplace=FLIPKART&q=Speaker&store=0pm%2F0o7&srno=s_1_2&otracker=search&otracker1=search&fm=Search&iid=en_eJbsuwEeXvxc2-h42rDMH1t3D3fCfgxQX4wCBeCr4dB8m03Nd1HF1KSeNe1iDV-fMHKqQ9Yw4yqgK0KdAzvNM9iryss2LKfyMfn1Q9iYecww8KKdkatEPOMYqjifimm4&ppt=sp&ppn=sp&ssid=pndesqzyk00000001790758345250&qH=22cc65fdfc4417d6&ov_redirect=true&ov_redirect=true
2026-09-30 14:22:30 - INFO - Image  : https://rukminim2.flixcart.com/image/612/612/xif0q/speaker/h/l/8/-original-imahfbghekvfgefm.jpeg?q=70
2026-09-30 14:22:30 - INFO - 
Product 3
2026-09-30 14:22:30 - INFO - Name   : ZEBRONICS ZEB-SOUND FEAST 40 (ZEB-PSPK 48) 8 W Bluetoot...
2026-09-30 14:22:30 - INFO - Price  : 
2026-09-30 14:22:30 - INFO - Rating : 
2026-09-30 14:22:30 - INFO - URL    : https://www.flipkart.com/zebronics-zeb-sound-feast-40-zeb-pspk-48-8-w-bluetooth-speaker/p/itm7d7517e20d1f3?pid=ACCH66X7D7TUY5V4&lid=LSTACCH66X7D7TUY5V4WLL2NN&marketplace=FLIPKART&q=Speaker&store=0pm%2F0o7&spotlightTagId=default_TrendingId_0pm%2F0o7&srno=s_1_3&otracker=search&otracker1=search&fm=Search&iid=8ebf4325-8300-4569-9405-f70b34f0cb94.ACCH66X7D7TUY5V4.SEARCH&ppt=sp&ppn=sp&ssid=pndesqzyk00000001790758345250&qH=22cc65fdfc4417d6&ov_redirect=true&ov_redirect=true
2026-09-30 14:22:30 - INFO - Image  : https://rukminim2.flixcart.com/image/612/612/xif0q/speaker/laptop-desktop-speaker/w/8/h/zeb-sound-feast-40-zeb-pspk-48-zebronics-original-imah66x6nhjqgkfz.jpeg?q=70
2026-09-30 14:22:30 - INFO - 
Total products selected: 3
2026-09-30 14:22:30 - INFO - Get Products - Speaker completed successfully.
2026-09-30 14:22:30 - INFO - Products extracted for Speaker
2026-09-30 14:22:34 - INFO - 
==================================================
2026-09-30 14:22:34 - INFO - Processing Product : ipad
2026-09-30 14:22:34 - INFO - Maximum Price      : 25000
2026-09-30 14:22:34 - INFO - Customer Rating    : 3
2026-09-30 14:22:34 - INFO - ==================================================
2026-09-30 14:22:34 - INFO - Search ipad - Attempt 1/3
2026-09-30 14:22:34 - INFO - Searching product: ipad
2026-09-30 14:22:37 - INFO - Product entered: ipad
2026-09-30 14:22:37 - INFO - Search clicked: ipad
2026-09-30 14:22:40 - INFO - Search completed successfully: ipad
2026-09-30 14:22:40 - INFO - Search ipad completed successfully.
2026-09-30 14:22:40 - INFO - Price Filter - Attempt 1/3
2026-09-30 14:22:40 - INFO - Applying price filter: 25000
2026-09-30 14:22:40 - INFO - Price filter found.
2026-09-30 14:22:40 - INFO - Price dropdowns found: 2
2026-09-30 14:22:40 - INFO - Maximum price selected: 25000
2026-09-30 14:22:40 - INFO - Price Filter completed successfully.
2026-09-30 14:22:40 - INFO - Rating Filter - Attempt 1/3
2026-09-30 14:22:40 - INFO - Applying rating filter: 3
2026-09-30 14:22:40 - INFO - Customer Ratings filter found.
2026-09-30 14:22:41 - INFO - Rating filter selected: 3\u2605 & above
2026-09-30 14:22:41 - INFO - Rating checkbox checked: False
2026-09-30 14:22:43 - INFO - Rating filter applied successfully: 3\u2605 & above
2026-09-30 14:22:43 - INFO - Rating Filter completed successfully.
2026-09-30 14:22:43 - INFO - Get Products - ipad - Attempt 1/3
2026-09-30 14:22:43 - INFO - Getting products...
2026-09-30 14:22:43 - INFO - 
Product 1
2026-09-30 14:22:43 - INFO - Name   : 
2026-09-30 14:22:43 - INFO - Price  : 
2026-09-30 14:22:43 - INFO - Rating : 
2026-09-30 14:22:43 - INFO - URL    : https://www.flipkart.com/apple-ipad-6th-gen-32-gb-rom-9-7-inch-wi-fi-only-a10-fusion-chip-silver/p/itmf455ekgzbaen7?pid=TABF455EZRU2GTXZ&lid=LSTTABF455EZRU2GTXZWOI2FK&marketplace=FLIPKART&q=ipad&store=tyy%2Fhry&srno=s_1_1&otracker=search&otracker1=search&fm=Search&iid=af26e2fe-3b7d-4d17-b53f-7726b638eecb.TABF455EZRU2GTXZ.SEARCH&ppt=sp&ppn=sp&ssid=qzwrbup66o0000001790758357879&qH=09401fded433c347&ov_redirect=true
2026-09-30 14:22:43 - INFO - Image  : https://rukminim2.flixcart.com/image/312/312/jfsknm80/tablet/y/q/b/apple-mr7k2hn-a-original-imaf46kgudc83mbr.jpeg?q=70
2026-09-30 14:22:43 - INFO - 
Product 2
2026-09-30 14:22:43 - INFO - Name   : 
2026-09-30 14:22:43 - INFO - Price  : 
2026-09-30 14:22:43 - INFO - Rating : 
2026-09-30 14:22:43 - INFO - URL    : https://www.flipkart.com/apple-ipad-6th-gen-32-gb-rom-9-7-inch-wi-fi-only-a10-fusion-chip-gold/p/itmf455ekgzbaen7?pid=TABF455ESJGJ3K7J&lid=LSTTABF455ESJGJ3K7JJR4GII&marketplace=FLIPKART&q=ipad&store=tyy%2Fhry&srno=s_1_2&otracker=search&otracker1=search&fm=Search&iid=af26e2fe-3b7d-4d17-b53f-7726b638eecb.TABF455ESJGJ3K7J.SEARCH&ppt=sp&ppn=sp&ssid=qzwrbup66o0000001790758357879&qH=09401fded433c347&ov_redirect=true
2026-09-30 14:22:43 - INFO - Image  : https://rukminim2.flixcart.com/image/312/312/jfsknm80/tablet/f/m/c/apple-mrjp2hn-a-original-imaf46khz8vftwnf.jpeg?q=70
2026-09-30 14:22:43 - INFO - 
Product 3
2026-09-30 14:22:43 - INFO - Name   : 
2026-09-30 14:22:43 - INFO - Price  : 
2026-09-30 14:22:43 - INFO - Rating : 
2026-09-30 14:22:43 - INFO - URL    : https://www.flipkart.com/apple-ipad-6th-gen-32-gb-rom-9-7-inch-wi-fi-only-a10-fusion-chip-space-grey/p/itmf455ethmxagzn?pid=TABF455EVUJEWUMZ&lid=LSTTABF455EVUJEWUMZJM4GIY&marketplace=FLIPKART&q=ipad&store=tyy%2Fhry&srno=s_1_3&otracker=search&otracker1=search&fm=Search&iid=af26e2fe-3b7d-4d17-b53f-7726b638eecb.TABF455EVUJEWUMZ.SEARCH&ppt=sp&ppn=sp&ssid=qzwrbup66o0000001790758357879&qH=09401fded433c347&ov_redirect=true
2026-09-30 14:22:43 - INFO - Image  : https://rukminim2.flixcart.com/image/312/312/jfsknm80/tablet/u/m/z/apple-mr7f2hn-a-original-imaf46kh3wvufeme.jpeg?q=70
2026-09-30 14:22:43 - INFO - 
Total products selected: 3
2026-09-30 14:22:43 - INFO - Get Products - ipad completed successfully.
2026-09-30 14:22:43 - INFO - Products extracted for ipad
2026-09-30 14:22:50 - INFO - Execution email sent.
2026-09-30 14:22:51 - WARNING - Playwright stopped.
2026-09-30 14:22:51 - ERROR - Automation failed
2026-09-30 14:22:51 - INFO - Flipkart Automation Completed
2026-09-30 14:26:37 - INFO - Flipkart Automation Started
2026-09-30 14:26:37 - INFO - BOT RUNNER STARTED
2026-09-30 14:26:43 - INFO - Trigger email sent.
2026-09-30 14:26:45 - INFO - Opening Flipkart...
2026-09-30 14:26:45 - ERROR - Automation failed: Page.goto: Target page, context or browser has been closed
Traceback (most recent call last):
  File "C:\Users\Admin\OneDrive - StayAhead\Documents\Demo_Sruthy\flipkart_automation\modules\bot_runner.py", line 75, in run_bot
    await page.goto(
    ...<2 lines>...
    )
  File "C:\Users\Admin\OneDrive - StayAhead\Documents\Demo_Sruthy\flipkart_automation\flipkart_env\Lib\site-packages\playwright\async_api\_generated.py", line 9901, in goto
    await self._impl_obj.goto(
    ...<4 lines>...
    )
  File "C:\Users\Admin\OneDrive - StayAhead\Documents\Demo_Sruthy\flipkart_automation\flipkart_env\Lib\site-packages\playwright\_impl\_page.py", line 562, in goto
    return await self._main_frame.goto(**locals_to_params(locals()))
           ^^^^^^^^^^^^^^^^^^^^^^^^^^^^^^^^^^^^^^^^^^^^^^^^^^^^^^^^^
  File "C:\Users\Admin\OneDrive - StayAhead\Documents\Demo_Sruthy\flipkart_automation\flipkart_env\Lib\site-packages\playwright\_impl\_frame.py", line 157, in goto
    await self._channel.send(
        "goto", self._navigation_timeout, locals_to_params(locals())
    )
  File "C:\Users\Admin\OneDrive - StayAhead\Documents\Demo_Sruthy\flipkart_automation\flipkart_env\Lib\site-packages\playwright\_impl\_connection.py", line 76, in send
    return await self._connection.wrap_api_call(
           ^^^^^^^^^^^^^^^^^^^^^^^^^^^^^^^^^^^^^
    ...<3 lines>...
    )
    ^
  File "C:\Users\Admin\OneDrive - StayAhead\Documents\Demo_Sruthy\flipkart_automation\flipkart_env\Lib\site-packages\playwright\_impl\_connection.py", line 632, in wrap_api_call
    raise rewrite_error(error, f"{parsed_st['apiName']}: {error}") from None
playwright._impl._errors.TargetClosedError: Page.goto: Target page, context or browser has been closed
2026-09-30 14:26:49 - WARNING - Playwright stopped.
2026-09-30 14:26:49 - ERROR - Automation failed
2026-09-30 14:26:49 - INFO - Flipkart Automation Completed
2026-09-30 14:33:57 - INFO - Flipkart Automation Started
2026-09-30 14:33:57 - INFO - BOT RUNNER STARTED
2026-09-30 14:34:02 - INFO - Trigger email sent.
2026-09-30 14:34:03 - INFO - Opening Flipkart...
2026-09-30 14:34:05 - INFO - Flipkart opened successfully
2026-09-30 14:34:05 - INFO - Logging into flipkart
2026-09-30 14:34:08 - INFO - Products found in Excel: 5
2026-09-30 14:34:08 - INFO - 
==================================================
2026-09-30 14:34:08 - INFO - Processing Product : Laptop
2026-09-30 14:34:08 - INFO - Maximum Price      : 40000
2026-09-30 14:34:08 - INFO - Customer Rating    : 3
2026-09-30 14:34:08 - INFO - ==================================================
2026-09-30 14:34:08 - INFO - Search Laptop - Attempt 1/3
2026-09-30 14:34:08 - INFO - Searching product: Laptop
2026-09-30 14:34:11 - INFO - Product entered: Laptop
2026-09-30 14:34:12 - INFO - Search clicked: Laptop
2026-09-30 14:34:15 - INFO - Search completed successfully: Laptop
2026-09-30 14:34:15 - INFO - Search Laptop completed successfully.
2026-09-30 14:34:15 - INFO - Price Filter - Attempt 1/3
2026-09-30 14:34:15 - INFO - Applying price filter: 40000
2026-09-30 14:34:15 - INFO - Price filter found.
2026-09-30 14:34:15 - INFO - Price dropdowns found: 2
2026-09-30 14:34:15 - INFO - Maximum price selected: 40000
2026-09-30 14:34:15 - INFO - Price Filter completed successfully.
2026-09-30 14:34:15 - INFO - Rating Filter - Attempt 1/3
2026-09-30 14:34:15 - INFO - Applying rating filter: 3
2026-09-30 14:34:15 - INFO - Customer Ratings filter found.
2026-09-30 14:34:15 - INFO - Rating filter selected: 3\u2605 & above
2026-09-30 14:34:15 - INFO - Rating checkbox checked: False
2026-09-30 14:34:17 - INFO - Rating filter applied successfully: 3\u2605 & above
2026-09-30 14:34:17 - INFO - Rating Filter completed successfully.
2026-09-30 14:34:17 - INFO - Get Products - Laptop - Attempt 1/3
2026-09-30 14:34:17 - INFO - Getting products...
2026-09-30 14:34:17 - INFO - 
Product 1
2026-09-30 14:34:17 - INFO - Name   : 
2026-09-30 14:34:17 - INFO - Price  : 
2026-09-30 14:34:17 - INFO - Rating : 
2026-09-30 14:34:17 - INFO - URL    : https://www.flipkart.com/lenovo-100e-chromebook-gen-4-mediatek-kompanio-520-4-gb-32-gb-emmc-storage-chrome-os/p/itm041aea27f1885?pid=COMHA9FK8YXVUUWA&lid=LSTCOMHA9FK8YXVUUWAAREQMZ&marketplace=FLIPKART&q=Laptop&store=6bo%2Fb5g&srno=s_1_1&otracker=search&otracker1=search&fm=Search&iid=70bca212-502e-4005-ae6f-0a1bb6cad0dc.COMHA9FK8YXVUUWA.SEARCH&ppt=sp&ppn=sp&ssid=vyu292ps340000001790759052508&qH=146bdebb324a64d3&ov_redirect=true
2026-09-30 14:34:17 - INFO - Image  : https://rukminim2.flixcart.com/image/312/312/xif0q/computer/c/g/4/-enriched-transparent-original-imahgfdyf6grkw9r.png?q=70
2026-09-30 14:34:17 - INFO - 
Product 2
2026-09-30 14:34:17 - INFO - Name   : 
2026-09-30 14:34:17 - INFO - Price  : 
2026-09-30 14:34:17 - INFO - Rating : 
2026-09-30 14:34:17 - INFO - URL    : https://www.flipkart.com/neopticon-intel-celeron-dual-core-n4020-4-gb-128-gb-ssd-windows-11-home-bbn40412814-laptop/p/itm8249747b82715?pid=COMHZK89YGZAHHZC&lid=LSTCOMHZK89YGZAHHZCZ44OFQ&marketplace=FLIPKART&q=Laptop&store=6bo%2Fb5g&srno=s_1_2&otracker=search&otracker1=search&fm=Search&iid=70bca212-502e-4005-ae6f-0a1bb6cad0dc.COMHZK89YGZAHHZC.SEARCH&ppt=sp&ppn=sp&ssid=vyu292ps340000001790759052508&qH=146bdebb324a64d3&ov_redirect=true
2026-09-30 14:34:17 - INFO - Image  : https://rukminim2.flixcart.com/image/312/312/xif0q/computer/x/j/d/bbn40412814-laptop-neopticon-original-imahzk89yvgd4spy.jpeg?q=70
2026-09-30 14:34:17 - INFO - 
Product 3
2026-09-30 14:34:17 - INFO - Name   : 
2026-09-30 14:34:17 - INFO - Price  : 
2026-09-30 14:34:17 - INFO - Rating : 
2026-09-30 14:34:17 - INFO - URL    : https://www.flipkart.com/acer-aspire-lite-metal-2026-amd-ryzen-3-quad-core-5400u-8-gb-512-gb-ssd-windows-11-home-al15-41-thin-light-laptop/p/itm1bc0bcb4598e7?pid=COMH2TPSM9V7V38F&lid=LSTCOMH2TPSM9V7V38F5SNKCO&marketplace=FLIPKART&q=Laptop&store=6bo%2Fb5g&srno=s_1_3&otracker=search&otracker1=search&fm=Search&iid=70bca212-502e-4005-ae6f-0a1bb6cad0dc.COMH2TPSM9V7V38F.SEARCH&ppt=sp&ppn=sp&ssid=vyu292ps340000001790759052508&qH=146bdebb324a64d3&ov_redirect=true
2026-09-30 14:34:17 - INFO - Image  : https://rukminim2.flixcart.com/image/312/312/xif0q/computer/b/k/d/-original-imahb2kbf2zdan3z.jpeg?q=70
2026-09-30 14:34:17 - INFO - 
Total products selected: 3
2026-09-30 14:34:17 - INFO - Get Products - Laptop completed successfully.
2026-09-30 14:34:17 - INFO - Products extracted for Laptop
2026-09-30 14:34:21 - INFO - 
==================================================
2026-09-30 14:34:21 - INFO - Processing Product : Phone
2026-09-30 14:34:21 - INFO - Maximum Price      : 20000
2026-09-30 14:34:21 - INFO - Customer Rating    : 4
2026-09-30 14:34:21 - INFO - ==================================================
2026-09-30 14:34:21 - INFO - Search Phone - Attempt 1/3
2026-09-30 14:34:21 - INFO - Searching product: Phone
2026-09-30 14:34:24 - INFO - Product entered: Phone
2026-09-30 14:34:24 - INFO - Search clicked: Phone
2026-09-30 14:34:27 - INFO - Search completed successfully: Phone
2026-09-30 14:34:27 - INFO - Search Phone completed successfully.
2026-09-30 14:34:27 - INFO - Price Filter - Attempt 1/3
2026-09-30 14:34:27 - INFO - Applying price filter: 20000
2026-09-30 14:34:27 - INFO - Price filter found.
2026-09-30 14:34:27 - INFO - Price dropdowns found: 2
2026-09-30 14:34:27 - INFO - Maximum price selected: 20000
2026-09-30 14:34:27 - INFO - Price Filter completed successfully.
2026-09-30 14:34:27 - INFO - Rating Filter - Attempt 1/3
2026-09-30 14:34:27 - INFO - Applying rating filter: 4
2026-09-30 14:34:27 - INFO - Customer Ratings filter found.
2026-09-30 14:34:37 - ERROR - Rating filter not found.
2026-09-30 14:34:37 - INFO - Rating Filter completed successfully.
2026-09-30 14:34:37 - INFO - Get Products - Phone - Attempt 1/3
2026-09-30 14:34:37 - INFO - Getting products...
2026-09-30 14:34:37 - INFO - 
Product 1
2026-09-30 14:34:37 - INFO - Name   : 
2026-09-30 14:34:37 - INFO - Price  : 
2026-09-30 14:34:37 - INFO - Rating : 
2026-09-30 14:34:37 - INFO - URL    : https://www.flipkart.com/boltt-evo-berry-red-64-gb/p/itmf046d663a1fd7?pid=MOBHPP598ENKRGBY&lid=LSTMOBHPP598ENKRGBYC3QECN&marketplace=FLIPKART&q=Phone&store=tyy%2F4io&srno=s_1_1&otracker=search&otracker1=search&fm=Search&iid=en_VEVWqBgA0yuOQzjoAJxp0qMAZBRRSVbfzYmz558bkKiG8TvBFiOiZEmj8a4XYlMozn_eFLqIPJrk8ZBiMVkJK-FzmzI3iCzTQp_HAbSljYQW9N1txqQMwr9IfrJBuDEU&ppt=sp&ppn=sp&ssid=ijyihrpxk00000001790759064518&qH=bcc254b55c4a1bab&ov_redirect=true
2026-09-30 14:34:37 - INFO - Image  : https://rukminim2.flixcart.com/image/312/312/xif0q/mobile/d/b/p/-resized-original-imahqk5pywazwh3t.jpeg?q=70
2026-09-30 14:34:37 - INFO - 
Product 2
2026-09-30 14:34:37 - INFO - Name   : 
2026-09-30 14:34:37 - INFO - Price  : 
2026-09-30 14:34:37 - INFO - Rating : 
2026-09-30 14:34:37 - INFO - URL    : https://www.flipkart.com/nokia-105-classic-single-sim-keypad-phone-without-charger/p/itmfdb404ec1d0f4?pid=MOBGWZUWPTFTQZAH&lid=LSTMOBGWZUWPTFTQZAHSIXCDR&marketplace=FLIPKART&q=Phone&store=tyy%2F4io&spotlightTagId=default_BestsellerId_tyy%2F4io&srno=s_1_2&otracker=search&otracker1=search&fm=Search&iid=55678452-de46-4076-bcce-834f43dfda7c.MOBGWZUWPTFTQZAH.SEARCH&ppt=sp&ppn=sp&ssid=ijyihrpxk00000001790759064518&qH=bcc254b55c4a1bab&ov_redirect=true
2026-09-30 14:34:37 - INFO - Image  : https://rukminim2.flixcart.com/image/312/312/xif0q/mobile/p/o/i/105-single-sim-keypad-mobile-phone-with-wireless-fm-radio-nokia-resized-original-imah2xgc9z6cwcqv.jpeg?q=70
2026-09-30 14:34:37 - INFO - 
Product 3
2026-09-30 14:34:37 - INFO - Name   : 
2026-09-30 14:34:37 - INFO - Price  : 
2026-09-30 14:34:37 - INFO - Rating : 
2026-09-30 14:34:37 - INFO - URL    : https://www.flipkart.com/ai-nova-2-power-5g-golden-blue-fusion-128-gb/p/itm7b8c83184267c?pid=MOBHQZVX5NEK5NEY&lid=LSTMOBHQZVX5NEK5NEY31WRWI&marketplace=FLIPKART&q=Phone&store=tyy%2F4io&srno=s_1_3&otracker=search&otracker1=search&fm=Search&iid=55678452-de46-4076-bcce-834f43dfda7c.MOBHQZVX5NEK5NEY.SEARCH&ppt=sp&ppn=sp&ssid=ijyihrpxk00000001790759064518&qH=bcc254b55c4a1bab&ov_redirect=true
2026-09-30 14:34:37 - INFO - Image  : https://rukminim2.flixcart.com/image/312/312/xif0q/mobile/y/j/q/-original-imahrf3uqhwhfesh.jpeg?q=70
2026-09-30 14:34:37 - INFO - 
Total products selected: 3
2026-09-30 14:34:37 - INFO - Get Products - Phone completed successfully.
2026-09-30 14:34:37 - INFO - Products extracted for Phone
2026-09-30 14:34:41 - INFO - 
==================================================
2026-09-30 14:34:41 - INFO - Processing Product : Headphone
2026-09-30 14:34:41 - INFO - Maximum Price      : 2000
2026-09-30 14:34:41 - INFO - Customer Rating    : 3
2026-09-30 14:34:41 - INFO - ==================================================
2026-09-30 14:34:41 - INFO - Search Headphone - Attempt 1/3
2026-09-30 14:34:41 - INFO - Searching product: Headphone
2026-09-30 14:34:44 - INFO - Product entered: Headphone
2026-09-30 14:34:44 - INFO - Search clicked: Headphone
2026-09-30 14:34:47 - INFO - Search completed successfully: Headphone
2026-09-30 14:34:47 - INFO - Search Headphone completed successfully.
2026-09-30 14:34:47 - INFO - Price Filter - Attempt 1/3
2026-09-30 14:34:47 - INFO - Applying price filter: 2000
2026-09-30 14:34:47 - INFO - Price filter found.
2026-09-30 14:34:47 - INFO - Price dropdowns found: 2
2026-09-30 14:34:47 - INFO - Maximum price selected: 2000
2026-09-30 14:34:47 - INFO - Price Filter completed successfully.
2026-09-30 14:34:47 - INFO - Rating Filter - Attempt 1/3
2026-09-30 14:34:47 - INFO - Applying rating filter: 3
2026-09-30 14:34:47 - INFO - Customer Ratings filter found.
2026-09-30 14:34:48 - INFO - Rating filter selected: 3\u2605 & above
2026-09-30 14:34:48 - INFO - Rating checkbox checked: False
2026-09-30 14:34:50 - INFO - Rating filter applied successfully: 3\u2605 & above
2026-09-30 14:34:50 - INFO - Rating Filter completed successfully.
2026-09-30 14:34:50 - INFO - Get Products - Headphone - Attempt 1/3
2026-09-30 14:34:50 - INFO - Getting products...
2026-09-30 14:34:50 - INFO - 
Product 1
2026-09-30 14:34:50 - INFO - Name   : Mivi Duopods K2, 40Hrs PT, HD Call, Fast Charging, 50ms...
2026-09-30 14:34:50 - INFO - Price  : 
2026-09-30 14:34:50 - INFO - Rating : 
2026-09-30 14:34:50 - INFO - URL    : https://www.flipkart.com/mivi-duopods-k2-40hrs-pt-hd-call-fast-charging-50ms-latency-ipx4-voice-asst-5-3v-bluetooth/p/itm6e514d29fd947?pid=ACCGPFCN6ZKBF5MD&lid=LSTACCGPFCN6ZKBF5MDRNL8SQ&marketplace=FLIPKART&q=Headphone&store=0pm%2Ffcn&srno=s_1_1&otracker=search&otracker1=search&fm=Search&iid=en_EgRqJVwJMt11M0vkCIdKKJiq7fySzY3NCq7jbqrFpvmpB-0Pp7txVyhWGlwPpPOyu4FzVfBnGVcIyAwcEnIqO-DknNyeusk8SJjq7Xwsgg9Jj1b2BswqksoVbm2TIKAL&ppt=sp&ppn=sp&ssid=pma9dnzdi80000001790759084371&qH=52f40b8ad1f6b467&ov_redirect=true&ov_redirect=true
2026-09-30 14:34:50 - INFO - Image  : https://rukminim2.flixcart.com/image/612/612/xif0q/headphone/l/q/s/-original-imahzv5q8zn5qvme.jpeg?q=70
2026-09-30 14:34:50 - INFO - 
Product 2
2026-09-30 14:34:50 - INFO - Name   : Aroma NB120 Amaze Upto 50 Hours Playtime*, Fast Chargin...
2026-09-30 14:34:50 - INFO - Price  : 
2026-09-30 14:34:50 - INFO - Rating : 
2026-09-30 14:34:50 - INFO - URL    : https://www.flipkart.com/aroma-nb120-amaze-upto-50-hours-playtime-fast-charging-dual-pairing-neckband-bluetooth/p/itmcaffc9be2871e?pid=ACCHDFNHMZWQABDN&lid=LSTACCHDFNHMZWQABDNHRENMC&marketplace=FLIPKART&q=Headphone&store=0pm%2Ffcn&srno=s_1_2&otracker=search&otracker1=search&fm=Search&iid=en_EgRqJVwJMt11M0vkCIdKKJiq7fySzY3NCq7jbqrFpvmpeilDcbIhXhJF4oL7wauY1NGz98QwQpm3GcMmcSfyUXxYhC_3Wet9bAX1NITAy4AhBzh7qy8nEKedAn2Ov8dj&ppt=sp&ppn=sp&ssid=pma9dnzdi80000001790759084371&qH=52f40b8ad1f6b467&ov_redirect=true&ov_redirect=true
2026-09-30 14:34:50 - INFO - Image  : https://rukminim2.flixcart.com/image/612/612/xif0q/headphone/u/x/9/nb120-amaze-upto-50-hours-playtime-fast-charging-dual-pairing-original-imahd8bgft3dndh2.jpeg?q=70
2026-09-30 14:34:50 - INFO - 
Product 3
2026-09-30 14:34:50 - INFO - Name   : PTron Studio w/ Dual-Device Pairing, 60Hrs Playtime, HD...
2026-09-30 14:34:50 - INFO - Price  : 
2026-09-30 14:34:50 - INFO - Rating : 
2026-09-30 14:34:50 - INFO - URL    : https://www.flipkart.com/ptron-studio-w-dual-device-pairing-60hrs-playtime-hd-mic-40mm-drivers-bt5-4-bluetooth/p/itm428418398f35e?pid=ACCHGBHAFCEAQGHZ&lid=LSTACCHGBHAFCEAQGHZNHOFGO&marketplace=FLIPKART&q=Headphone&store=0pm%2Ffcn&srno=s_1_3&otracker=search&otracker1=search&fm=Search&iid=b7124937-0961-429c-9a6c-d37678267432.ACCHGBHAFCEAQGHZ.SEARCH&ppt=sp&ppn=sp&ssid=pma9dnzdi80000001790759084371&qH=52f40b8ad1f6b467&ov_redirect=true&ov_redirect=true
2026-09-30 14:34:50 - INFO - Image  : https://rukminim2.flixcart.com/image/612/612/xif0q/headphone/q/e/x/-enriched-transparent-original-imahg5yzggargbs7.png?q=70
2026-09-30 14:34:50 - INFO - 
Total products selected: 3
2026-09-30 14:34:50 - INFO - Get Products - Headphone completed successfully.
2026-09-30 14:34:50 - INFO - Products extracted for Headphone
2026-09-30 14:34:54 - INFO - 
==================================================
2026-09-30 14:34:54 - INFO - Processing Product : Speaker
2026-09-30 14:34:54 - INFO - Maximum Price      : 2000
2026-09-30 14:34:54 - INFO - Customer Rating    : 4
2026-09-30 14:34:54 - INFO - ==================================================
2026-09-30 14:34:54 - INFO - Search Speaker - Attempt 1/3
2026-09-30 14:34:54 - INFO - Searching product: Speaker
2026-09-30 14:34:57 - INFO - Product entered: Speaker
2026-09-30 14:34:57 - INFO - Search clicked: Speaker
2026-09-30 14:35:00 - INFO - Search completed successfully: Speaker
2026-09-30 14:35:00 - INFO - Search Speaker completed successfully.
2026-09-30 14:35:00 - INFO - Price Filter - Attempt 1/3
2026-09-30 14:35:00 - INFO - Applying price filter: 2000
2026-09-30 14:35:00 - INFO - Price filter found.
2026-09-30 14:35:00 - INFO - Price dropdowns found: 2
2026-09-30 14:35:00 - INFO - Maximum price selected: 2000
2026-09-30 14:35:00 - INFO - Price Filter completed successfully.
2026-09-30 14:35:00 - INFO - Rating Filter - Attempt 1/3
2026-09-30 14:35:00 - INFO - Applying rating filter: 4
2026-09-30 14:35:00 - INFO - Customer Ratings filter found.
2026-09-30 14:35:00 - INFO - Rating filter selected: 4\u2605 & above
2026-09-30 14:35:00 - INFO - Rating checkbox checked: False
2026-09-30 14:35:02 - INFO - Rating filter applied successfully: 4\u2605 & above
2026-09-30 14:35:02 - INFO - Rating Filter completed successfully.
2026-09-30 14:35:02 - INFO - Get Products - Speaker - Attempt 1/3
2026-09-30 14:35:02 - INFO - Getting products...
2026-09-30 14:35:02 - INFO - 
Product 1
2026-09-30 14:35:02 - INFO - Name   : TRIGGR Horizon 16 with Dual Drivers, 7Hrs Playtime, MEM...
2026-09-30 14:35:02 - INFO - Price  : 
2026-09-30 14:35:02 - INFO - Rating : 
2026-09-30 14:35:02 - INFO - URL    : https://www.flipkart.com/triggr-horizon-16-dual-drivers-7hrs-playtime-mems-mic-tws-function-w-bluetooth-speaker/p/itmbfed43aa346a6?pid=ACCHHHSBZ5GZDZQT&lid=LSTACCHHHSBZ5GZDZQTGV5NAP&marketplace=FLIPKART&q=Speaker&store=0pm%2F0o7&srno=s_1_1&otracker=search&otracker1=search&fm=Search&iid=en__p32XchPrihAjeq77E5j1E5uTSTOOoD0ttPNry-llBnIv9rTvZZUBPU3RQP1u4oWuoac-g26gbfLdqA6Gj8EMEmOSYNG4mLT6ckJx1qZeQ_oFQIEc-NvPqQoxe7wGOpJ&ppt=sp&ppn=sp&ssid=kvhch85fm80000001790759097209&qH=22cc65fdfc4417d6&ov_redirect=true&ov_redirect=true
2026-09-30 14:35:02 - INFO - Image  : https://rukminim2.flixcart.com/image/612/612/xif0q/speaker/p/a/n/-original-imahm4afbfgwtty7.jpeg?q=70
2026-09-30 14:35:02 - INFO - 
Product 2
2026-09-30 14:35:02 - INFO - Name   : boAt Bar 480/490, Free Music on , 7H Battery, Dual Full...
2026-09-30 14:35:02 - INFO - Price  : 
2026-09-30 14:35:02 - INFO - Rating : 
2026-09-30 14:35:02 - INFO - URL    : https://www.flipkart.com/boat-bar-480-490-free-music-7h-battery-dual-full-range-drivers-10-w-bluetooth-speaker/p/itm24daef7dae25e?pid=ACCGSXGTGJJ9X5ZU&lid=LSTACCGSXGTGJJ9X5ZUKXV3QA&marketplace=FLIPKART&q=Speaker&store=0pm%2F0o7&srno=s_1_2&otracker=search&otracker1=search&fm=Search&iid=en__p32XchPrihAjeq77E5j1E5uTSTOOoD0ttPNry-llBnF9AK9CoocSARk8m20IguaMHKqQ9Yw4yqgK0KdAzvNM9iryss2LKfyMfn1Q9iYeczEt49--u538fvR4F9YPtvW&ppt=sp&ppn=sp&ssid=kvhch85fm80000001790759097209&qH=22cc65fdfc4417d6&ov_redirect=true&ov_redirect=true
2026-09-30 14:35:02 - INFO - Image  : https://rukminim2.flixcart.com/image/612/612/xif0q/speaker/h/l/8/-original-imahfbghekvfgefm.jpeg?q=70
2026-09-30 14:35:02 - INFO - 
Product 3
2026-09-30 14:35:02 - INFO - Name   : ZEBRONICS ZEB-SOUND FEAST 40 (ZEB-PSPK 48) 8 W Bluetoot...
2026-09-30 14:35:02 - INFO - Price  : 
2026-09-30 14:35:02 - INFO - Rating : 
2026-09-30 14:35:02 - INFO - URL    : https://www.flipkart.com/zebronics-zeb-sound-feast-40-zeb-pspk-48-8-w-bluetooth-speaker/p/itm7d7517e20d1f3?pid=ACCH66X7D7TUY5V4&lid=LSTACCH66X7D7TUY5V4WLL2NN&marketplace=FLIPKART&q=Speaker&store=0pm%2F0o7&spotlightTagId=default_TrendingId_0pm%2F0o7&srno=s_1_3&otracker=search&otracker1=search&fm=Search&iid=de5e1dfd-8b46-4d9f-b556-eab4b0796b19.ACCH66X7D7TUY5V4.SEARCH&ppt=sp&ppn=sp&ssid=kvhch85fm80000001790759097209&qH=22cc65fdfc4417d6&ov_redirect=true&ov_redirect=true
2026-09-30 14:35:02 - INFO - Image  : https://rukminim2.flixcart.com/image/612/612/xif0q/speaker/laptop-desktop-speaker/w/8/h/zeb-sound-feast-40-zeb-pspk-48-zebronics-original-imah66x6nhjqgkfz.jpeg?q=70
2026-09-30 14:35:02 - INFO - 
Total products selected: 3
2026-09-30 14:35:02 - INFO - Get Products - Speaker completed successfully.
2026-09-30 14:35:02 - INFO - Products extracted for Speaker
2026-09-30 14:35:06 - INFO - 
==================================================
2026-09-30 14:35:06 - INFO - Processing Product : ipad
2026-09-30 14:35:06 - INFO - Maximum Price      : 25000
2026-09-30 14:35:06 - INFO - Customer Rating    : 3
2026-09-30 14:35:06 - INFO - ==================================================
2026-09-30 14:35:06 - INFO - Search ipad - Attempt 1/3
2026-09-30 14:35:06 - INFO - Searching product: ipad
2026-09-30 14:35:09 - INFO - Product entered: ipad
2026-09-30 14:35:09 - INFO - Search clicked: ipad
2026-09-30 14:35:12 - INFO - Search completed successfully: ipad
2026-09-30 14:35:12 - INFO - Search ipad completed successfully.
2026-09-30 14:35:12 - INFO - Price Filter - Attempt 1/3
2026-09-30 14:35:12 - INFO - Applying price filter: 25000
2026-09-30 14:35:12 - INFO - Price filter found.
2026-09-30 14:35:12 - INFO - Price dropdowns found: 2
2026-09-30 14:35:12 - INFO - Maximum price selected: 25000
2026-09-30 14:35:12 - INFO - Price Filter completed successfully.
2026-09-30 14:35:12 - INFO - Rating Filter - Attempt 1/3
2026-09-30 14:35:12 - INFO - Applying rating filter: 3
2026-09-30 14:35:12 - INFO - Customer Ratings filter found.
2026-09-30 14:35:13 - INFO - Rating filter selected: 3\u2605 & above
2026-09-30 14:35:13 - INFO - Rating checkbox checked: False
2026-09-30 14:35:15 - INFO - Rating filter applied successfully: 3\u2605 & above
2026-09-30 14:35:15 - INFO - Rating Filter completed successfully.
2026-09-30 14:35:15 - INFO - Get Products - ipad - Attempt 1/3
2026-09-30 14:35:15 - INFO - Getting products...
2026-09-30 14:35:15 - INFO - 
Product 1
2026-09-30 14:35:15 - INFO - Name   : 
2026-09-30 14:35:15 - INFO - Price  : 
2026-09-30 14:35:15 - INFO - Rating : 
2026-09-30 14:35:15 - INFO - URL    : https://www.flipkart.com/apple-ipad-6th-gen-32-gb-rom-9-7-inch-wi-fi-only-a10-fusion-chip-silver/p/itmf455ekgzbaen7?pid=TABF455EZRU2GTXZ&lid=LSTTABF455EZRU2GTXZWOI2FK&marketplace=FLIPKART&q=ipad&store=tyy%2Fhry&srno=s_1_1&otracker=search&otracker1=search&fm=Search&iid=9138dd84-b66b-4291-bf04-240404464a29.TABF455EZRU2GTXZ.SEARCH&ppt=sp&ppn=sp&ssid=cytkb59pao0000001790759109637&qH=09401fded433c347&ov_redirect=true
2026-09-30 14:35:15 - INFO - Image  : https://rukminim2.flixcart.com/image/312/312/jfsknm80/tablet/y/q/b/apple-mr7k2hn-a-original-imaf46kgudc83mbr.jpeg?q=70
2026-09-30 14:35:15 - INFO - 
Product 2
2026-09-30 14:35:15 - INFO - Name   : 
2026-09-30 14:35:15 - INFO - Price  : 
2026-09-30 14:35:15 - INFO - Rating : 
2026-09-30 14:35:15 - INFO - URL    : https://www.flipkart.com/apple-ipad-6th-gen-32-gb-rom-9-7-inch-wi-fi-only-a10-fusion-chip-gold/p/itmf455ekgzbaen7?pid=TABF455ESJGJ3K7J&lid=LSTTABF455ESJGJ3K7JJR4GII&marketplace=FLIPKART&q=ipad&store=tyy%2Fhry&srno=s_1_2&otracker=search&otracker1=search&fm=Search&iid=9138dd84-b66b-4291-bf04-240404464a29.TABF455ESJGJ3K7J.SEARCH&ppt=sp&ppn=sp&ssid=cytkb59pao0000001790759109637&qH=09401fded433c347&ov_redirect=true
2026-09-30 14:35:15 - INFO - Image  : https://rukminim2.flixcart.com/image/312/312/jfsknm80/tablet/f/m/c/apple-mrjp2hn-a-original-imaf46khz8vftwnf.jpeg?q=70
2026-09-30 14:35:15 - INFO - 
Product 3
2026-09-30 14:35:15 - INFO - Name   : 
2026-09-30 14:35:15 - INFO - Price  : 
2026-09-30 14:35:15 - INFO - Rating : 
2026-09-30 14:35:15 - INFO - URL    : https://www.flipkart.com/apple-ipad-6th-gen-32-gb-rom-9-7-inch-wi-fi-only-a10-fusion-chip-space-grey/p/itmf455ethmxagzn?pid=TABF455EVUJEWUMZ&lid=LSTTABF455EVUJEWUMZJM4GIY&marketplace=FLIPKART&q=ipad&store=tyy%2Fhry&srno=s_1_3&otracker=search&otracker1=search&fm=Search&iid=9138dd84-b66b-4291-bf04-240404464a29.TABF455EVUJEWUMZ.SEARCH&ppt=sp&ppn=sp&ssid=cytkb59pao0000001790759109637&qH=09401fded433c347&ov_redirect=true
2026-09-30 14:35:15 - INFO - Image  : https://rukminim2.flixcart.com/image/312/312/jfsknm80/tablet/u/m/z/apple-mr7f2hn-a-original-imaf46kh3wvufeme.jpeg?q=70
2026-09-30 14:35:15 - INFO - 
Total products selected: 3
2026-09-30 14:35:15 - INFO - Get Products - ipad completed successfully.
2026-09-30 14:35:15 - INFO - Products extracted for ipad
2026-09-30 14:35:22 - INFO - Execution email sent.
2026-09-30 14:35:23 - WARNING - Playwright stopped.
2026-09-30 14:35:23 - ERROR - Automation failed
2026-09-30 14:35:23 - INFO - Flipkart Automation Completed
2026-09-30 14:38:33 - INFO - Flipkart Automation Started
2026-09-30 14:38:33 - INFO - BOT RUNNER STARTED
2026-09-30 14:38:39 - INFO - Trigger email sent.
2026-09-30 14:38:40 - INFO - Opening Flipkart...
2026-09-30 14:38:41 - INFO - Flipkart opened successfully
2026-09-30 14:38:41 - INFO - Logging into flipkart
2026-09-30 14:38:45 - INFO - Products found in Excel: 5
2026-09-30 14:38:45 - INFO - 
==================================================
2026-09-30 14:38:45 - INFO - Processing Product : Laptop
2026-09-30 14:38:45 - INFO - Maximum Price      : 40000
2026-09-30 14:38:45 - INFO - Customer Rating    : 3
2026-09-30 14:38:45 - INFO - ==================================================
2026-09-30 14:38:45 - INFO - Search Laptop - Attempt 1/3
2026-09-30 14:38:45 - INFO - Searching product: Laptop
2026-09-30 14:38:48 - INFO - Product entered: Laptop
2026-09-30 14:38:48 - INFO - Search clicked: Laptop
2026-09-30 14:38:51 - INFO - Search completed successfully: Laptop
2026-09-30 14:38:51 - INFO - Search Laptop completed successfully.
2026-09-30 14:38:51 - INFO - Price Filter - Attempt 1/3
2026-09-30 14:38:51 - INFO - Applying price filter: 40000
2026-09-30 14:38:51 - INFO - Price filter found.
2026-09-30 14:38:51 - INFO - Price dropdowns found: 2
2026-09-30 14:38:51 - INFO - Maximum price selected: 40000
2026-09-30 14:38:51 - INFO - Price Filter completed successfully.
2026-09-30 14:38:51 - INFO - Rating Filter - Attempt 1/3
2026-09-30 14:38:51 - INFO - Applying rating filter: 3
2026-09-30 14:38:51 - INFO - Customer Ratings filter found.
2026-09-30 14:38:51 - INFO - Rating filter selected: 3\u2605 & above
2026-09-30 14:38:51 - INFO - Rating checkbox checked: False
2026-09-30 14:38:53 - INFO - Rating filter applied successfully: 3\u2605 & above
2026-09-30 14:38:53 - INFO - Rating Filter completed successfully.
2026-09-30 14:38:53 - INFO - Get Products - Laptop - Attempt 1/3
2026-09-30 14:38:53 - INFO - Getting products...
2026-09-30 14:38:53 - INFO - 
Product 1
2026-09-30 14:38:53 - INFO - Name   : 
2026-09-30 14:38:53 - INFO - Price  : 
2026-09-30 14:38:53 - INFO - Rating : 
2026-09-30 14:38:53 - INFO - URL    : https://www.flipkart.com/lenovo-100e-chromebook-gen-4-mediatek-kompanio-520-4-gb-32-gb-emmc-storage-chrome-os/p/itm041aea27f1885?pid=COMHA9FK8YXVUUWA&lid=LSTCOMHA9FK8YXVUUWAAREQMZ&marketplace=FLIPKART&q=Laptop&store=6bo%2Fb5g&srno=s_1_1&otracker=search&otracker1=search&fm=Search&iid=4c9e5ef4-d2a4-433f-a506-7b28318800d7.COMHA9FK8YXVUUWA.SEARCH&ppt=sp&ppn=sp&ssid=35vhjoksf40000001790759328877&qH=146bdebb324a64d3&ov_redirect=true
2026-09-30 14:38:53 - INFO - Image  : https://rukminim2.flixcart.com/image/312/312/xif0q/computer/c/g/4/-enriched-transparent-original-imahgfdyf6grkw9r.png?q=70
2026-09-30 14:38:54 - INFO - 
Product 2
2026-09-30 14:38:54 - INFO - Name   : 
2026-09-30 14:38:54 - INFO - Price  : 
2026-09-30 14:38:54 - INFO - Rating : 
2026-09-30 14:38:54 - INFO - URL    : https://www.flipkart.com/neopticon-intel-celeron-dual-core-n4020-4-gb-128-gb-ssd-windows-11-home-bbn40412814-laptop/p/itm8249747b82715?pid=COMHZK89YGZAHHZC&lid=LSTCOMHZK89YGZAHHZCZ44OFQ&marketplace=FLIPKART&q=Laptop&store=6bo%2Fb5g&srno=s_1_2&otracker=search&otracker1=search&fm=Search&iid=4c9e5ef4-d2a4-433f-a506-7b28318800d7.COMHZK89YGZAHHZC.SEARCH&ppt=sp&ppn=sp&ssid=35vhjoksf40000001790759328877&qH=146bdebb324a64d3&ov_redirect=true
2026-09-30 14:38:54 - INFO - Image  : https://rukminim2.flixcart.com/image/312/312/xif0q/computer/x/j/d/bbn40412814-laptop-neopticon-original-imahzk89yvgd4spy.jpeg?q=70
2026-09-30 14:38:54 - INFO - 
Product 3
2026-09-30 14:38:54 - INFO - Name   : 
2026-09-30 14:38:54 - INFO - Price  : 
2026-09-30 14:38:54 - INFO - Rating : 
2026-09-30 14:38:54 - INFO - URL    : https://www.flipkart.com/acer-aspire-lite-metal-2026-amd-ryzen-3-quad-core-5400u-8-gb-512-gb-ssd-windows-11-home-al15-41-thin-light-laptop/p/itm1bc0bcb4598e7?pid=COMH2TPSM9V7V38F&lid=LSTCOMH2TPSM9V7V38F5SNKCO&marketplace=FLIPKART&q=Laptop&store=6bo%2Fb5g&srno=s_1_3&otracker=search&otracker1=search&fm=Search&iid=4c9e5ef4-d2a4-433f-a506-7b28318800d7.COMH2TPSM9V7V38F.SEARCH&ppt=sp&ppn=sp&ssid=35vhjoksf40000001790759328877&qH=146bdebb324a64d3&ov_redirect=true
2026-09-30 14:38:54 - INFO - Image  : https://rukminim2.flixcart.com/image/312/312/xif0q/computer/b/k/d/-original-imahb2kbf2zdan3z.jpeg?q=70
2026-09-30 14:38:54 - INFO - 
Total products selected: 3
2026-09-30 14:38:54 - INFO - Get Products - Laptop completed successfully.
2026-09-30 14:38:54 - INFO - Products extracted for Laptop
2026-09-30 14:38:57 - INFO - 
==================================================
2026-09-30 14:38:57 - INFO - Processing Product : Phone
2026-09-30 14:38:57 - INFO - Maximum Price      : 20000
2026-09-30 14:38:57 - INFO - Customer Rating    : 4
2026-09-30 14:38:57 - INFO - ==================================================
2026-09-30 14:38:57 - INFO - Search Phone - Attempt 1/3
2026-09-30 14:38:57 - INFO - Searching product: Phone
2026-09-30 14:39:00 - INFO - Product entered: Phone
2026-09-30 14:39:00 - INFO - Search clicked: Phone
2026-09-30 14:39:03 - INFO - Search completed successfully: Phone
2026-09-30 14:39:03 - INFO - Search Phone completed successfully.
2026-09-30 14:39:03 - INFO - Price Filter - Attempt 1/3
2026-09-30 14:39:03 - INFO - Applying price filter: 20000
2026-09-30 14:39:03 - INFO - Price filter found.
2026-09-30 14:39:03 - INFO - Price dropdowns found: 2
2026-09-30 14:39:03 - INFO - Maximum price selected: 20000
2026-09-30 14:39:03 - INFO - Price Filter completed successfully.
2026-09-30 14:39:03 - INFO - Rating Filter - Attempt 1/3
2026-09-30 14:39:03 - INFO - Applying rating filter: 4
2026-09-30 14:39:03 - INFO - Customer Ratings filter found.
2026-09-30 14:39:08 - INFO - Rating filter selected: 4\u2605 & above
2026-09-30 14:39:13 - WARNING - Checkbox state could not be verified.
2026-09-30 14:39:15 - INFO - Rating filter applied successfully: 4\u2605 & above
2026-09-30 14:39:15 - INFO - Rating Filter completed successfully.
2026-09-30 14:39:15 - INFO - Get Products - Phone - Attempt 1/3
2026-09-30 14:39:15 - INFO - Getting products...
2026-09-30 14:39:15 - INFO - 
Product 1
2026-09-30 14:39:15 - INFO - Name   : 
2026-09-30 14:39:15 - INFO - Price  : 
2026-09-30 14:39:15 - INFO - Rating : 
2026-09-30 14:39:15 - INFO - URL    : https://www.flipkart.com/boltt-evo-berry-red-64-gb/p/itmf046d663a1fd7?pid=MOBHPP598ENKRGBY&lid=LSTMOBHPP598ENKRGBYC3QECN&marketplace=FLIPKART&q=Phone&store=tyy%2F4io&srno=s_1_1&otracker=search&otracker1=search&fm=Search&iid=en_TGhs8ys1BmbtKWw5-8ld3DidBUc9LlckJe1Xl_Rb1dSclIPJVZToTFb8l7RJcNcFzn_eFLqIPJrk8ZBiMVkJK-FzmzI3iCzTQp_HAbSljYR-j9n61rU4cjQGoLzMjy8R&ppt=sp&ppn=sp&ssid=909sjrmmk00000001790759340805&qH=bcc254b55c4a1bab&ov_redirect=true
2026-09-30 14:39:15 - INFO - Image  : https://rukminim2.flixcart.com/image/312/312/xif0q/mobile/d/b/p/-resized-original-imahqk5pywazwh3t.jpeg?q=70
2026-09-30 14:39:16 - INFO - 
Product 2
2026-09-30 14:39:16 - INFO - Name   : 
2026-09-30 14:39:16 - INFO - Price  : 
2026-09-30 14:39:16 - INFO - Rating : 
2026-09-30 14:39:16 - INFO - URL    : https://www.flipkart.com/tecno-spark-go-3-titanium-grey-64-gb/p/itma9c8f128a61c6?pid=MOBHP2QY7GH4XWWS&lid=LSTMOBHP2QY7GH4XWWSUZBT2N&marketplace=FLIPKART&q=Phone&store=tyy%2F4io&srno=s_1_2&otracker=search&otracker1=search&fm=Search&iid=en_TGhs8ys1BmbtKWw5-8ld3DidBUc9LlckJe1Xl_Rb1dSNcVqLnXqqkCN4Vrq5umpsZwMfQVRMZ89HSF4p6YF0rxOB0SrMnfgdFgQCb32kndcouVjneDHBor4ZtM1eZ-9G&ppt=sp&ppn=sp&ssid=909sjrmmk00000001790759340805&qH=bcc254b55c4a1bab&ov_redirect=true
2026-09-30 14:39:16 - INFO - Image  : https://rukminim2.flixcart.com/image/312/312/xif0q/mobile/t/u/g/-resized-original-imahpffgyxph2hbr.jpeg?q=70
2026-09-30 14:39:16 - INFO - 
Product 3
2026-09-30 14:39:16 - INFO - Name   : 
2026-09-30 14:39:16 - INFO - Price  : 
2026-09-30 14:39:16 - INFO - Rating : 
2026-09-30 14:39:16 - INFO - URL    : https://www.flipkart.com/nokia-105-classic-single-sim-keypad-phone-without-charger/p/itmfdb404ec1d0f4?pid=MOBGWZUWPTFTQZAH&lid=LSTMOBGWZUWPTFTQZAHSIXCDR&marketplace=FLIPKART&q=Phone&store=tyy%2F4io&spotlightTagId=default_BestsellerId_tyy%2F4io&srno=s_1_3&otracker=search&otracker1=search&fm=Search&iid=a6b5c1eb-1b10-4f7d-9d3e-c84afbce1352.MOBGWZUWPTFTQZAH.SEARCH&ppt=sp&ppn=sp&ssid=909sjrmmk00000001790759340805&qH=bcc254b55c4a1bab&ov_redirect=true
2026-09-30 14:39:16 - INFO - Image  : https://rukminim2.flixcart.com/image/312/312/xif0q/mobile/p/o/i/105-single-sim-keypad-mobile-phone-with-wireless-fm-radio-nokia-resized-original-imah2xgc9z6cwcqv.jpeg?q=70
2026-09-30 14:39:16 - INFO - 
Total products selected: 3
2026-09-30 14:39:16 - INFO - Get Products - Phone completed successfully.
2026-09-30 14:39:16 - INFO - Products extracted for Phone
2026-09-30 14:39:19 - INFO - 
==================================================
2026-09-30 14:39:19 - INFO - Processing Product : Headphone
2026-09-30 14:39:19 - INFO - Maximum Price      : 2000
2026-09-30 14:39:19 - INFO - Customer Rating    : 3
2026-09-30 14:39:19 - INFO - ==================================================
2026-09-30 14:39:19 - INFO - Search Headphone - Attempt 1/3
2026-09-30 14:39:19 - INFO - Searching product: Headphone
2026-09-30 14:39:22 - INFO - Product entered: Headphone
2026-09-30 14:39:22 - INFO - Search clicked: Headphone
2026-09-30 14:39:25 - INFO - Search completed successfully: Headphone
2026-09-30 14:39:25 - INFO - Search Headphone completed successfully.
2026-09-30 14:39:25 - INFO - Price Filter - Attempt 1/3
2026-09-30 14:39:25 - INFO - Applying price filter: 2000
2026-09-30 14:39:25 - INFO - Price filter found.
2026-09-30 14:39:25 - INFO - Price dropdowns found: 2
2026-09-30 14:39:25 - INFO - Maximum price selected: 2000
2026-09-30 14:39:25 - INFO - Price Filter completed successfully.
2026-09-30 14:39:25 - INFO - Rating Filter - Attempt 1/3
2026-09-30 14:39:25 - INFO - Applying rating filter: 3
2026-09-30 14:39:25 - INFO - Customer Ratings filter found.
2026-09-30 14:39:26 - INFO - Rating filter selected: 3\u2605 & above
2026-09-30 14:39:26 - INFO - Rating checkbox checked: False
2026-09-30 14:39:28 - INFO - Rating filter applied successfully: 3\u2605 & above
2026-09-30 14:39:28 - INFO - Rating Filter completed successfully.
2026-09-30 14:39:28 - INFO - Get Products - Headphone - Attempt 1/3
2026-09-30 14:39:28 - INFO - Getting products...
2026-09-30 14:39:28 - INFO - 
Product 1
2026-09-30 14:39:28 - INFO - Name   : Mivi Duopods K2, 40Hrs PT, HD Call, Fast Charging, 50ms...
2026-09-30 14:39:28 - INFO - Price  : 
2026-09-30 14:39:28 - INFO - Rating : 
2026-09-30 14:39:28 - INFO - URL    : https://www.flipkart.com/mivi-duopods-k2-40hrs-pt-hd-call-fast-charging-50ms-latency-ipx4-voice-asst-5-3v-bluetooth/p/itm6e514d29fd947?pid=ACCGPFCN6ZKBF5MD&lid=LSTACCGPFCN6ZKBF5MDRNL8SQ&marketplace=FLIPKART&q=Headphone&store=0pm%2Ffcn&srno=s_1_1&otracker=search&otracker1=search&fm=Search&iid=en_WjAJgLrHpH_ZSmwZlrAj-dRYOFyAg2vjVcrEGJpowcefzgGW2VQ30dZVEU_QIXFgu4FzVfBnGVcIyAwcEnIqO-DknNyeusk8SJjq7Xwsgg93bKOusVHbhoabAwxKuE4r&ppt=sp&ppn=sp&ssid=eoju7rcsw00000001790759362742&qH=52f40b8ad1f6b467&ov_redirect=true&ov_redirect=true
2026-09-30 14:39:28 - INFO - Image  : https://rukminim2.flixcart.com/image/612/612/xif0q/headphone/l/q/s/-original-imahzv5q8zn5qvme.jpeg?q=70
2026-09-30 14:39:28 - INFO - 
Product 2
2026-09-30 14:39:28 - INFO - Name   : Aroma NB120 Amaze Upto 50 Hours Playtime*, Fast Chargin...
2026-09-30 14:39:28 - INFO - Price  : 
2026-09-30 14:39:28 - INFO - Rating : 
2026-09-30 14:39:28 - INFO - URL    : https://www.flipkart.com/aroma-nb120-amaze-upto-50-hours-playtime-fast-charging-dual-pairing-neckband-bluetooth/p/itmcaffc9be2871e?pid=ACCHDFNHMZWQABDN&lid=LSTACCHDFNHMZWQABDNHRENMC&marketplace=FLIPKART&q=Headphone&store=0pm%2Ffcn&srno=s_1_2&otracker=search&otracker1=search&fm=Search&iid=en_WjAJgLrHpH_ZSmwZlrAj-dRYOFyAg2vjVcrEGJpowcfo6jLulTtRhatr_kUw6qwe1NGz98QwQpm3GcMmcSfyUXxYhC_3Wet9bAX1NITAy4DhqRBQL44r4mbeVWSk5N7g&ppt=sp&ppn=sp&ssid=eoju7rcsw00000001790759362742&qH=52f40b8ad1f6b467&ov_redirect=true&ov_redirect=true
2026-09-30 14:39:28 - INFO - Image  : https://rukminim2.flixcart.com/image/612/612/xif0q/headphone/u/x/9/nb120-amaze-upto-50-hours-playtime-fast-charging-dual-pairing-original-imahd8bgft3dndh2.jpeg?q=70
2026-09-30 14:39:28 - INFO - 
Product 3
2026-09-30 14:39:28 - INFO - Name   : PTron Studio w/ Dual-Device Pairing, 60Hrs Playtime, HD...
2026-09-30 14:39:28 - INFO - Price  : 
2026-09-30 14:39:28 - INFO - Rating : 
2026-09-30 14:39:28 - INFO - URL    : https://www.flipkart.com/ptron-studio-w-dual-device-pairing-60hrs-playtime-hd-mic-40mm-drivers-bt5-4-bluetooth/p/itm428418398f35e?pid=ACCHGBHAFCEAQGHZ&lid=LSTACCHGBHAFCEAQGHZNHOFGO&marketplace=FLIPKART&q=Headphone&store=0pm%2Ffcn&srno=s_1_3&otracker=search&otracker1=search&fm=Search&iid=cbd2515f-fbdc-4964-96c5-0b1d2c56468c.ACCHGBHAFCEAQGHZ.SEARCH&ppt=sp&ppn=sp&ssid=eoju7rcsw00000001790759362742&qH=52f40b8ad1f6b467&ov_redirect=true&ov_redirect=true
2026-09-30 14:39:28 - INFO - Image  : https://rukminim2.flixcart.com/image/612/612/xif0q/headphone/q/e/x/-enriched-transparent-original-imahg5yzggargbs7.png?q=70
2026-09-30 14:39:28 - INFO - 
Total products selected: 3
2026-09-30 14:39:28 - INFO - Get Products - Headphone completed successfully.
2026-09-30 14:39:28 - INFO - Products extracted for Headphone
2026-09-30 14:39:31 - INFO - 
==================================================
2026-09-30 14:39:31 - INFO - Processing Product : Speaker
2026-09-30 14:39:31 - INFO - Maximum Price      : 2000
2026-09-30 14:39:31 - INFO - Customer Rating    : 4
2026-09-30 14:39:31 - INFO - ==================================================
2026-09-30 14:39:31 - INFO - Search Speaker - Attempt 1/3
2026-09-30 14:39:31 - INFO - Searching product: Speaker
2026-09-30 14:39:35 - INFO - Product entered: Speaker
2026-09-30 14:39:35 - INFO - Search clicked: Speaker
2026-09-30 14:39:38 - INFO - Search completed successfully: Speaker
2026-09-30 14:39:38 - INFO - Search Speaker completed successfully.
2026-09-30 14:39:38 - INFO - Price Filter - Attempt 1/3
2026-09-30 14:39:38 - INFO - Applying price filter: 2000
2026-09-30 14:39:38 - INFO - Price filter found.
2026-09-30 14:39:38 - INFO - Price dropdowns found: 2
2026-09-30 14:39:38 - INFO - Maximum price selected: 2000
2026-09-30 14:39:38 - INFO - Price Filter completed successfully.
2026-09-30 14:39:38 - INFO - Rating Filter - Attempt 1/3
2026-09-30 14:39:38 - INFO - Applying rating filter: 4
2026-09-30 14:39:38 - INFO - Customer Ratings filter found.
2026-09-30 14:39:38 - INFO - Rating filter selected: 4\u2605 & above
2026-09-30 14:39:38 - INFO - Rating checkbox checked: False
2026-09-30 14:39:40 - INFO - Rating filter applied successfully: 4\u2605 & above
2026-09-30 14:39:40 - INFO - Rating Filter completed successfully.
2026-09-30 14:39:40 - INFO - Get Products - Speaker - Attempt 1/3
2026-09-30 14:39:40 - INFO - Getting products...
2026-09-30 14:39:40 - INFO - 
Product 1
2026-09-30 14:39:40 - INFO - Name   : TRIGGR Horizon 16 with Dual Drivers, 7Hrs Playtime, MEM...
2026-09-30 14:39:40 - INFO - Price  : 
2026-09-30 14:39:40 - INFO - Rating : 
2026-09-30 14:39:40 - INFO - URL    : https://www.flipkart.com/triggr-horizon-16-dual-drivers-7hrs-playtime-mems-mic-tws-function-w-bluetooth-speaker/p/itmbfed43aa346a6?pid=ACCHHHSBZ5GZDZQT&lid=LSTACCHHHSBZ5GZDZQTGV5NAP&marketplace=FLIPKART&q=Speaker&store=0pm%2F0o7&srno=s_1_1&otracker=search&otracker1=search&fm=Search&iid=en_J6P-UCe0eywOnwd4o0n0xpOWWosOdGlRpMq6x9MJjN1egtGQPTJGLZuRfBHkJjLyuoac-g26gbfLdqA6Gj8EMEmOSYNG4mLT6ckJx1qZeQ_kf9hBXizI53LGVcetI-iq&ppt=sp&ppn=sp&ssid=7yypmi67k00000001790759375087&qH=22cc65fdfc4417d6&ov_redirect=true&ov_redirect=true
2026-09-30 14:39:40 - INFO - Image  : https://rukminim2.flixcart.com/image/612/612/xif0q/speaker/p/a/n/-original-imahm4afbfgwtty7.jpeg?q=70
2026-09-30 14:39:40 - INFO - 
Product 2
2026-09-30 14:39:40 - INFO - Name   : TRIGGR Roar 8 with RGB Lights, Fabric Exterior, TWS & F...
2026-09-30 14:39:40 - INFO - Price  : 
2026-09-30 14:39:40 - INFO - Rating : 
2026-09-30 14:39:40 - INFO - URL    : https://www.flipkart.com/triggr-roar-8-rgb-lights-fabric-exterior-tws-fm-mode-12h-playtime-bt-v5-4-w-bluetooth-speaker/p/itm239bedcadc79e?pid=ACCHMSCZMXYV78K9&lid=LSTACCHMSCZMXYV78K9JUBHNI&marketplace=FLIPKART&q=Speaker&store=0pm%2F0o7&srno=s_1_2&otracker=search&otracker1=search&fm=Search&iid=en_J6P-UCe0eywOnwd4o0n0xpOWWosOdGlRpMq6x9MJjN0Jx2fBpVKdwzpyr7A0WwD5rWLHwv05neTHRAU2e78PGcb_WdG6ZnYScTP28q4VGR_kf9hBXizI53LGVcetI-iq&ppt=sp&ppn=sp&ssid=7yypmi67k00000001790759375087&qH=22cc65fdfc4417d6&ov_redirect=true&ov_redirect=true
2026-09-30 14:39:40 - INFO - Image  : https://rukminim2.flixcart.com/image/612/612/xif0q/speaker/x/q/5/-original-imahnq7jfa23xdxa.jpeg?q=70
2026-09-30 14:39:40 - INFO - 
Product 3
2026-09-30 14:39:40 - INFO - Name   : ZEBRONICS ZEB-SOUND FEAST 40 (ZEB-PSPK 48) 8 W Bluetoot...
2026-09-30 14:39:40 - INFO - Price  : 
2026-09-30 14:39:40 - INFO - Rating : 
2026-09-30 14:39:40 - INFO - URL    : https://www.flipkart.com/zebronics-zeb-sound-feast-40-zeb-pspk-48-8-w-bluetooth-speaker/p/itm7d7517e20d1f3?pid=ACCH66X7D7TUY5V4&lid=LSTACCH66X7D7TUY5V4WLL2NN&marketplace=FLIPKART&q=Speaker&store=0pm%2F0o7&spotlightTagId=default_TrendingId_0pm%2F0o7&srno=s_1_3&otracker=search&otracker1=search&fm=Search&iid=cdd04150-c48d-4016-bd18-bf090e93ca33.ACCH66X7D7TUY5V4.SEARCH&ppt=sp&ppn=sp&ssid=7yypmi67k00000001790759375087&qH=22cc65fdfc4417d6&ov_redirect=true&ov_redirect=true
2026-09-30 14:39:40 - INFO - Image  : https://rukminim2.flixcart.com/image/612/612/xif0q/speaker/laptop-desktop-speaker/w/8/h/zeb-sound-feast-40-zeb-pspk-48-zebronics-original-imah66x6nhjqgkfz.jpeg?q=70
2026-09-30 14:39:40 - INFO - 
Total products selected: 3
2026-09-30 14:39:40 - INFO - Get Products - Speaker completed successfully.
2026-09-30 14:39:40 - INFO - Products extracted for Speaker
2026-09-30 14:39:44 - INFO - 
==================================================
2026-09-30 14:39:44 - INFO - Processing Product : ipad
2026-09-30 14:39:44 - INFO - Maximum Price      : 25000
2026-09-30 14:39:44 - INFO - Customer Rating    : 3
2026-09-30 14:39:44 - INFO - ==================================================
2026-09-30 14:39:44 - INFO - Search ipad - Attempt 1/3
2026-09-30 14:39:44 - INFO - Searching product: ipad
2026-09-30 14:39:47 - INFO - Product entered: ipad
2026-09-30 14:39:47 - INFO - Search clicked: ipad
2026-09-30 14:39:50 - INFO - Search completed successfully: ipad
2026-09-30 14:39:50 - INFO - Search ipad completed successfully.
2026-09-30 14:39:50 - INFO - Price Filter - Attempt 1/3
2026-09-30 14:39:50 - INFO - Applying price filter: 25000
2026-09-30 14:39:50 - INFO - Price filter found.
2026-09-30 14:39:50 - INFO - Price dropdowns found: 2
2026-09-30 14:39:50 - INFO - Maximum price selected: 25000
2026-09-30 14:39:50 - INFO - Price Filter completed successfully.
2026-09-30 14:39:50 - INFO - Rating Filter - Attempt 1/3
2026-09-30 14:39:50 - INFO - Applying rating filter: 3
2026-09-30 14:39:50 - INFO - Customer Ratings filter found.
2026-09-30 14:39:50 - INFO - Rating filter selected: 3\u2605 & above
2026-09-30 14:39:50 - INFO - Rating checkbox checked: False
2026-09-30 14:39:52 - INFO - Rating filter applied successfully: 3\u2605 & above
2026-09-30 14:39:52 - INFO - Rating Filter completed successfully.
2026-09-30 14:39:52 - INFO - Get Products - ipad - Attempt 1/3
2026-09-30 14:39:52 - INFO - Getting products...
2026-09-30 14:39:52 - INFO - 
Product 1
2026-09-30 14:39:52 - INFO - Name   : 
2026-09-30 14:39:52 - INFO - Price  : 
2026-09-30 14:39:52 - INFO - Rating : 
2026-09-30 14:39:52 - INFO - URL    : https://www.flipkart.com/apple-ipad-6th-gen-32-gb-rom-9-7-inch-wi-fi-only-a10-fusion-chip-silver/p/itmf455ekgzbaen7?pid=TABF455EZRU2GTXZ&lid=LSTTABF455EZRU2GTXZWOI2FK&marketplace=FLIPKART&q=ipad&store=tyy%2Fhry&srno=s_1_1&otracker=search&otracker1=search&fm=Search&iid=45f3ed42-8410-4131-b7f4-46c44d31c292.TABF455EZRU2GTXZ.SEARCH&ppt=sp&ppn=sp&ssid=jf2t27aou80000001790759387315&qH=09401fded433c347&ov_redirect=true
2026-09-30 14:39:52 - INFO - Image  : https://rukminim2.flixcart.com/image/312/312/jfsknm80/tablet/y/q/b/apple-mr7k2hn-a-original-imaf46kgudc83mbr.jpeg?q=70
2026-09-30 14:39:52 - INFO - 
Product 2
2026-09-30 14:39:52 - INFO - Name   : 
2026-09-30 14:39:52 - INFO - Price  : 
2026-09-30 14:39:52 - INFO - Rating : 
2026-09-30 14:39:52 - INFO - URL    : https://www.flipkart.com/apple-ipad-6th-gen-32-gb-rom-9-7-inch-wi-fi-only-a10-fusion-chip-gold/p/itmf455ekgzbaen7?pid=TABF455ESJGJ3K7J&lid=LSTTABF455ESJGJ3K7JJR4GII&marketplace=FLIPKART&q=ipad&store=tyy%2Fhry&srno=s_1_2&otracker=search&otracker1=search&fm=Search&iid=45f3ed42-8410-4131-b7f4-46c44d31c292.TABF455ESJGJ3K7J.SEARCH&ppt=sp&ppn=sp&ssid=jf2t27aou80000001790759387315&qH=09401fded433c347&ov_redirect=true
2026-09-30 14:39:52 - INFO - Image  : https://rukminim2.flixcart.com/image/312/312/jfsknm80/tablet/f/m/c/apple-mrjp2hn-a-original-imaf46khz8vftwnf.jpeg?q=70
2026-09-30 14:39:52 - INFO - 
Product 3
2026-09-30 14:39:52 - INFO - Name   : 
2026-09-30 14:39:52 - INFO - Price  : 
2026-09-30 14:39:52 - INFO - Rating : 
2026-09-30 14:39:52 - INFO - URL    : https://www.flipkart.com/apple-ipad-6th-gen-32-gb-rom-9-7-inch-wi-fi-only-a10-fusion-chip-space-grey/p/itmf455ethmxagzn?pid=TABF455EVUJEWUMZ&lid=LSTTABF455EVUJEWUMZJM4GIY&marketplace=FLIPKART&q=ipad&store=tyy%2Fhry&srno=s_1_3&otracker=search&otracker1=search&fm=Search&iid=45f3ed42-8410-4131-b7f4-46c44d31c292.TABF455EVUJEWUMZ.SEARCH&ppt=sp&ppn=sp&ssid=jf2t27aou80000001790759387315&qH=09401fded433c347&ov_redirect=true
2026-09-30 14:39:52 - INFO - Image  : https://rukminim2.flixcart.com/image/312/312/jfsknm80/tablet/u/m/z/apple-mr7f2hn-a-original-imaf46kh3wvufeme.jpeg?q=70
2026-09-30 14:39:52 - INFO - 
Total products selected: 3
2026-09-30 14:39:52 - INFO - Get Products - ipad completed successfully.
2026-09-30 14:39:52 - INFO - Products extracted for ipad
2026-09-30 14:40:00 - INFO - Execution email sent.
2026-09-30 14:40:00 - WARNING - Playwright stopped.
2026-09-30 14:40:00 - ERROR - Automation failed
2026-09-30 14:40:00 - INFO - Flipkart Automation Completed
2026-09-30 14:47:52 - INFO - Flipkart Automation Started
2026-09-30 14:47:52 - INFO - BOT RUNNER STARTED
2026-09-30 14:48:00 - INFO - Trigger email sent.
2026-09-30 14:48:01 - INFO - Opening Flipkart...
2026-09-30 14:48:03 - INFO - Flipkart opened successfully
2026-09-30 14:48:03 - INFO - Logging into flipkart
2026-09-30 14:48:06 - INFO - Products found in Excel: 5
2026-09-30 14:48:06 - INFO - 
==================================================
2026-09-30 14:48:06 - INFO - Processing Product : Laptop
2026-09-30 14:48:06 - INFO - Maximum Price      : 40000
2026-09-30 14:48:06 - INFO - Customer Rating    : 3
2026-09-30 14:48:06 - INFO - ==================================================
2026-09-30 14:48:06 - INFO - Search Laptop - Attempt 1/3
2026-09-30 14:48:06 - INFO - Searching product: Laptop
2026-09-30 14:48:09 - INFO - Product entered: Laptop
2026-09-30 14:48:09 - INFO - Search clicked: Laptop
2026-09-30 14:48:12 - INFO - Search completed successfully: Laptop
2026-09-30 14:48:12 - INFO - Search Laptop completed successfully.
2026-09-30 14:48:12 - INFO - Price Filter - Attempt 1/3
2026-09-30 14:48:12 - INFO - Applying price filter: 40000
2026-09-30 14:48:12 - INFO - Price filter found.
2026-09-30 14:48:12 - INFO - Price dropdowns found: 2
2026-09-30 14:48:12 - INFO - Maximum price selected: 40000
2026-09-30 14:48:12 - INFO - Price Filter completed successfully.
2026-09-30 14:48:12 - INFO - Rating Filter - Attempt 1/3
2026-09-30 14:48:12 - INFO - Applying rating filter: 3
2026-09-30 14:48:12 - INFO - Customer Ratings filter found.
2026-09-30 14:48:13 - INFO - Rating filter selected: 3\u2605 & above
2026-09-30 14:48:13 - INFO - Rating checkbox checked: False
2026-09-30 14:48:15 - INFO - Rating filter applied successfully: 3\u2605 & above
2026-09-30 14:48:15 - INFO - Rating Filter completed successfully.
2026-09-30 14:48:15 - INFO - Get Products - Laptop - Attempt 1/3
2026-09-30 14:48:15 - INFO - Getting products...
2026-09-30 14:48:15 - INFO - 
Product 1
2026-09-30 14:48:15 - INFO - Name   : 
2026-09-30 14:48:15 - INFO - Price  : 
2026-09-30 14:48:15 - INFO - Rating : 
2026-09-30 14:48:15 - INFO - URL    : https://www.flipkart.com/lenovo-100e-chromebook-gen-4-mediatek-kompanio-520-4-gb-32-gb-emmc-storage-chrome-os/p/itm041aea27f1885?pid=COMHA9FK8YXVUUWA&lid=LSTCOMHA9FK8YXVUUWAAREQMZ&marketplace=FLIPKART&q=Laptop&store=6bo%2Fb5g&srno=s_1_1&otracker=search&otracker1=search&fm=Search&iid=d4515145-1342-4ebc-8fa2-5de3f20093bc.COMHA9FK8YXVUUWA.SEARCH&ppt=sp&ppn=sp&ssid=v7e7mkjbzk0000001790759890030&qH=146bdebb324a64d3&ov_redirect=true
2026-09-30 14:48:15 - INFO - Image  : https://rukminim2.flixcart.com/image/312/312/xif0q/computer/c/g/4/-enriched-transparent-original-imahgfdyf6grkw9r.png?q=70
2026-09-30 14:48:15 - INFO - 
Product 2
2026-09-30 14:48:15 - INFO - Name   : 
2026-09-30 14:48:15 - INFO - Price  : 
2026-09-30 14:48:15 - INFO - Rating : 
2026-09-30 14:48:15 - INFO - URL    : https://www.flipkart.com/neopticon-intel-celeron-dual-core-n4020-4-gb-128-gb-ssd-windows-11-home-bbn40412814-laptop/p/itm8249747b82715?pid=COMHZK89YGZAHHZC&lid=LSTCOMHZK89YGZAHHZCZ44OFQ&marketplace=FLIPKART&q=Laptop&store=6bo%2Fb5g&srno=s_1_2&otracker=search&otracker1=search&fm=Search&iid=d4515145-1342-4ebc-8fa2-5de3f20093bc.COMHZK89YGZAHHZC.SEARCH&ppt=sp&ppn=sp&ssid=v7e7mkjbzk0000001790759890030&qH=146bdebb324a64d3&ov_redirect=true
2026-09-30 14:48:15 - INFO - Image  : https://rukminim2.flixcart.com/image/312/312/xif0q/computer/x/j/d/bbn40412814-laptop-neopticon-original-imahzk89yvgd4spy.jpeg?q=70
2026-09-30 14:48:15 - INFO - 
Product 3
2026-09-30 14:48:15 - INFO - Name   : 
2026-09-30 14:48:15 - INFO - Price  : 
2026-09-30 14:48:15 - INFO - Rating : 
2026-09-30 14:48:15 - INFO - URL    : https://www.flipkart.com/acer-aspire-lite-metal-2026-amd-ryzen-3-quad-core-5400u-8-gb-512-gb-ssd-windows-11-home-al15-41-thin-light-laptop/p/itm1bc0bcb4598e7?pid=COMH2TPSM9V7V38F&lid=LSTCOMH2TPSM9V7V38F5SNKCO&marketplace=FLIPKART&q=Laptop&store=6bo%2Fb5g&srno=s_1_3&otracker=search&otracker1=search&fm=Search&iid=d4515145-1342-4ebc-8fa2-5de3f20093bc.COMH2TPSM9V7V38F.SEARCH&ppt=sp&ppn=sp&ssid=v7e7mkjbzk0000001790759890030&qH=146bdebb324a64d3&ov_redirect=true
2026-09-30 14:48:15 - INFO - Image  : https://rukminim2.flixcart.com/image/312/312/xif0q/computer/b/k/d/-original-imahb2kbf2zdan3z.jpeg?q=70
2026-09-30 14:48:15 - INFO - 
Total products selected: 3
2026-09-30 14:48:15 - INFO - Get Products - Laptop completed successfully.
2026-09-30 14:48:15 - INFO - Products extracted for Laptop
2026-09-30 14:48:18 - INFO - 
==================================================
2026-09-30 14:48:18 - INFO - Processing Product : Phone
2026-09-30 14:48:18 - INFO - Maximum Price      : 20000
2026-09-30 14:48:18 - INFO - Customer Rating    : 4
2026-09-30 14:48:18 - INFO - ==================================================
2026-09-30 14:48:18 - INFO - Search Phone - Attempt 1/3
2026-09-30 14:48:18 - INFO - Searching product: Phone
2026-09-30 14:48:21 - INFO - Product entered: Phone
2026-09-30 14:48:21 - INFO - Search clicked: Phone
2026-09-30 14:48:23 - ERROR - Search failed
2026-09-30 14:48:23 - ERROR - Failed to capture screenshot: Page.screenshot: Target page, context or browser has been closed
2026-09-30 14:48:23 - INFO - Failure screenshot: None
2026-09-30 14:48:23 - ERROR - Search Phone failed on attempt 1/3: Page.wait_for_timeout: Target page, context or browser has been closed
2026-09-30 14:48:25 - INFO - Search Phone - Attempt 2/3
2026-09-30 14:48:25 - INFO - Searching product: Phone
2026-09-30 14:48:25 - ERROR - Search failed
2026-09-30 14:48:25 - ERROR - Failed to capture screenshot: Page.screenshot: Target page, context or browser has been closed
2026-09-30 14:48:25 - INFO - Failure screenshot: None
2026-09-30 14:48:25 - ERROR - Search Phone failed on attempt 2/3: Locator.wait_for: Target page, context or browser has been closed
2026-09-30 14:48:27 - INFO - Search Phone - Attempt 3/3
2026-09-30 14:48:27 - INFO - Searching product: Phone
2026-09-30 14:48:27 - ERROR - Search failed
2026-09-30 14:48:27 - ERROR - Failed to capture screenshot: Page.screenshot: Target page, context or browser has been closed
2026-09-30 14:48:27 - INFO - Failure screenshot: None
2026-09-30 14:48:27 - ERROR - Search Phone failed on attempt 3/3: Locator.wait_for: Target page, context or browser has been closed
2026-09-30 14:48:27 - ERROR - Search Phone failed after 3 attempts.
2026-09-30 14:48:27 - ERROR - Product processing failed: Locator.wait_for: Target page, context or browser has been closed
2026-09-30 14:48:27 - INFO - 
==================================================
2026-09-30 14:48:27 - INFO - Processing Product : Headphone
2026-09-30 14:48:27 - INFO - Maximum Price      : 2000
2026-09-30 14:48:27 - INFO - Customer Rating    : 3
2026-09-30 14:48:27 - INFO - ==================================================
2026-09-30 14:48:27 - INFO - Search Headphone - Attempt 1/3
2026-09-30 14:48:27 - INFO - Searching product: Headphone
2026-09-30 14:48:27 - ERROR - Search failed
2026-09-30 14:48:27 - ERROR - Failed to capture screenshot: Page.screenshot: Target page, context or browser has been closed
2026-09-30 14:48:27 - INFO - Failure screenshot: None
2026-09-30 14:48:27 - ERROR - Search Headphone failed on attempt 1/3: Locator.wait_for: Target page, context or browser has been closed
2026-09-30 14:48:29 - INFO - Search Headphone - Attempt 2/3
2026-09-30 14:48:29 - INFO - Searching product: Headphone
2026-09-30 14:48:29 - ERROR - Search failed
2026-09-30 14:48:29 - ERROR - Failed to capture screenshot: Page.screenshot: Target page, context or browser has been closed
2026-09-30 14:48:29 - INFO - Failure screenshot: None
2026-09-30 14:48:29 - ERROR - Search Headphone failed on attempt 2/3: Locator.wait_for: Target page, context or browser has been closed
2026-09-30 14:48:31 - INFO - Search Headphone - Attempt 3/3
2026-09-30 14:48:31 - INFO - Searching product: Headphone
2026-09-30 14:48:31 - ERROR - Search failed
2026-09-30 14:48:31 - ERROR - Failed to capture screenshot: Page.screenshot: Target page, context or browser has been closed
2026-09-30 14:48:31 - INFO - Failure screenshot: None
2026-09-30 14:48:31 - ERROR - Search Headphone failed on attempt 3/3: Locator.wait_for: Target page, context or browser has been closed
2026-09-30 14:48:31 - ERROR - Search Headphone failed after 3 attempts.
2026-09-30 14:48:31 - ERROR - Product processing failed: Locator.wait_for: Target page, context or browser has been closed
2026-09-30 14:48:31 - INFO - 
==================================================
2026-09-30 14:48:31 - INFO - Processing Product : Speaker
2026-09-30 14:48:31 - INFO - Maximum Price      : 2000
2026-09-30 14:48:31 - INFO - Customer Rating    : 4
2026-09-30 14:48:31 - INFO - ==================================================
2026-09-30 14:48:31 - INFO - Search Speaker - Attempt 1/3
2026-09-30 14:48:31 - INFO - Searching product: Speaker
2026-09-30 14:48:31 - ERROR - Search failed
2026-09-30 14:48:31 - ERROR - Failed to capture screenshot: Page.screenshot: Target page, context or browser has been closed
2026-09-30 14:48:31 - INFO - Failure screenshot: None
2026-09-30 14:48:31 - ERROR - Search Speaker failed on attempt 1/3: Locator.wait_for: Target page, context or browser has been closed
2026-09-30 14:48:33 - INFO - Search Speaker - Attempt 2/3
2026-09-30 14:48:33 - INFO - Searching product: Speaker
2026-09-30 14:48:33 - ERROR - Search failed
2026-09-30 14:48:33 - ERROR - Failed to capture screenshot: Page.screenshot: Target page, context or browser has been closed
2026-09-30 14:48:33 - INFO - Failure screenshot: None
2026-09-30 14:48:33 - ERROR - Search Speaker failed on attempt 2/3: Locator.wait_for: Target page, context or browser has been closed
2026-09-30 14:48:35 - INFO - Search Speaker - Attempt 3/3
2026-09-30 14:48:35 - INFO - Searching product: Speaker
2026-09-30 14:48:35 - ERROR - Search failed
2026-09-30 14:48:35 - ERROR - Failed to capture screenshot: Page.screenshot: Target page, context or browser has been closed
2026-09-30 14:48:35 - INFO - Failure screenshot: None
2026-09-30 14:48:35 - ERROR - Search Speaker failed on attempt 3/3: Locator.wait_for: Target page, context or browser has been closed
2026-09-30 14:48:35 - ERROR - Search Speaker failed after 3 attempts.
2026-09-30 14:48:35 - ERROR - Product processing failed: Locator.wait_for: Target page, context or browser has been closed
2026-09-30 14:48:35 - INFO - 
==================================================
2026-09-30 14:48:35 - INFO - Processing Product : ipad
2026-09-30 14:48:35 - INFO - Maximum Price      : 25000
2026-09-30 14:48:35 - INFO - Customer Rating    : 3
2026-09-30 14:48:35 - INFO - ==================================================
2026-09-30 14:48:35 - INFO - Search ipad - Attempt 1/3
2026-09-30 14:48:35 - INFO - Searching product: ipad
2026-09-30 14:48:35 - ERROR - Search failed
2026-09-30 14:48:35 - ERROR - Failed to capture screenshot: Page.screenshot: Target page, context or browser has been closed
2026-09-30 14:48:35 - INFO - Failure screenshot: None
2026-09-30 14:48:35 - ERROR - Search ipad failed on attempt 1/3: Locator.wait_for: Target page, context or browser has been closed
2026-09-30 14:48:37 - INFO - Search ipad - Attempt 2/3
2026-09-30 14:48:37 - INFO - Searching product: ipad
2026-09-30 14:48:37 - ERROR - Search failed
2026-09-30 14:48:37 - ERROR - Failed to capture screenshot: Page.screenshot: Target page, context or browser has been closed
2026-09-30 14:48:37 - INFO - Failure screenshot: None
2026-09-30 14:48:37 - ERROR - Search ipad failed on attempt 2/3: Locator.wait_for: Target page, context or browser has been closed
2026-09-30 14:48:39 - INFO - Search ipad - Attempt 3/3
2026-09-30 14:48:39 - INFO - Searching product: ipad
2026-09-30 14:48:39 - ERROR - Search failed
2026-09-30 14:48:40 - ERROR - Failed to capture screenshot: Page.screenshot: Target page, context or browser has been closed
2026-09-30 14:48:40 - INFO - Failure screenshot: None
2026-09-30 14:48:40 - ERROR - Search ipad failed on attempt 3/3: Locator.wait_for: Target page, context or browser has been closed
2026-09-30 14:48:40 - ERROR - Search ipad failed after 3 attempts.
2026-09-30 14:48:40 - ERROR - Product processing failed: Locator.wait_for: Target page, context or browser has been closed
2026-09-30 14:48:43 - INFO - Execution email sent.
2026-09-30 14:48:43 - WARNING - Playwright stopped.
2026-09-30 14:48:43 - ERROR - Automation failed
2026-09-30 14:48:43 - INFO - Flipkart Automation Completed
2026-09-30 14:55:17 - INFO - Flipkart Automation Started
2026-09-30 14:55:17 - INFO - BOT RUNNER STARTED
2026-09-30 14:55:24 - INFO - Trigger email sent.
2026-09-30 14:55:25 - INFO - Opening Flipkart...
2026-09-30 14:55:27 - INFO - Flipkart opened successfully
2026-09-30 14:55:27 - INFO - Logging into flipkart
2026-09-30 14:55:30 - INFO - Products found in Excel: 5
2026-09-30 14:55:30 - INFO - 
==================================================
2026-09-30 14:55:30 - INFO - Processing Product : Laptop
2026-09-30 14:55:30 - INFO - Maximum Price      : 40000
2026-09-30 14:55:30 - INFO - Customer Rating    : 3
2026-09-30 14:55:30 - INFO - ==================================================
2026-09-30 14:55:30 - INFO - Search Laptop - Attempt 1/3
2026-09-30 14:55:30 - INFO - Searching product: Laptop
2026-09-30 14:55:33 - INFO - Product entered: Laptop
2026-09-30 14:55:33 - INFO - Search clicked: Laptop
2026-09-30 14:55:36 - INFO - Search completed successfully: Laptop
2026-09-30 14:55:36 - INFO - Search Laptop completed successfully.
2026-09-30 14:55:36 - INFO - Price Filter - Attempt 1/3
2026-09-30 14:55:36 - INFO - Applying price filter: 40000
2026-09-30 14:55:36 - INFO - Price filter found.
2026-09-30 14:55:36 - INFO - Price dropdowns found: 2
2026-09-30 14:55:36 - INFO - Maximum price selected: 40000
2026-09-30 14:55:36 - INFO - Price Filter completed successfully.
2026-09-30 14:55:36 - INFO - Rating Filter - Attempt 1/3
2026-09-30 14:55:36 - INFO - Applying rating filter: 3
2026-09-30 14:55:36 - INFO - Customer Ratings filter found.
2026-09-30 14:55:37 - INFO - Rating filter selected: 3\u2605 & above
2026-09-30 14:55:37 - INFO - Rating checkbox checked: False
2026-09-30 14:55:39 - INFO - Rating filter applied successfully: 3\u2605 & above
2026-09-30 14:55:39 - INFO - Rating Filter completed successfully.
2026-09-30 14:55:39 - INFO - Get Products - Laptop - Attempt 1/3
2026-09-30 14:55:39 - INFO - Getting products...
2026-09-30 14:55:39 - INFO - 
Product 1
2026-09-30 14:55:39 - INFO - Name   : 
2026-09-30 14:55:39 - INFO - Price  : 
2026-09-30 14:55:39 - INFO - Rating : 
2026-09-30 14:55:39 - INFO - URL    : https://www.flipkart.com/lenovo-100e-chromebook-gen-4-mediatek-kompanio-520-4-gb-32-gb-emmc-storage-chrome-os/p/itm041aea27f1885?pid=COMHA9FK8YXVUUWA&lid=LSTCOMHA9FK8YXVUUWAAREQMZ&marketplace=FLIPKART&q=Laptop&store=6bo%2Fb5g&srno=s_1_1&otracker=search&otracker1=search&fm=Search&iid=a670d812-2cc4-4c91-9c15-a369d6e07c19.COMHA9FK8YXVUUWA.SEARCH&ppt=sp&ppn=sp&ssid=fknvzqyi6o0000001790760334306&qH=146bdebb324a64d3&ov_redirect=true
2026-09-30 14:55:39 - INFO - Image  : https://rukminim2.flixcart.com/image/312/312/xif0q/computer/c/g/4/-enriched-transparent-original-imahgfdyf6grkw9r.png?q=70
2026-09-30 14:55:39 - INFO - 
Product 2
2026-09-30 14:55:39 - INFO - Name   : 
2026-09-30 14:55:39 - INFO - Price  : 
2026-09-30 14:55:39 - INFO - Rating : 
2026-09-30 14:55:39 - INFO - URL    : https://www.flipkart.com/neopticon-intel-celeron-dual-core-n4020-4-gb-128-gb-ssd-windows-11-home-bbn40412814-laptop/p/itm8249747b82715?pid=COMHZK89YGZAHHZC&lid=LSTCOMHZK89YGZAHHZCZ44OFQ&marketplace=FLIPKART&q=Laptop&store=6bo%2Fb5g&srno=s_1_2&otracker=search&otracker1=search&fm=Search&iid=a670d812-2cc4-4c91-9c15-a369d6e07c19.COMHZK89YGZAHHZC.SEARCH&ppt=sp&ppn=sp&ssid=fknvzqyi6o0000001790760334306&qH=146bdebb324a64d3&ov_redirect=true
2026-09-30 14:55:39 - INFO - Image  : https://rukminim2.flixcart.com/image/312/312/xif0q/computer/x/j/d/bbn40412814-laptop-neopticon-original-imahzk89yvgd4spy.jpeg?q=70
2026-09-30 14:55:39 - INFO - 
Product 3
2026-09-30 14:55:39 - INFO - Name   : 
2026-09-30 14:55:39 - INFO - Price  : 
2026-09-30 14:55:39 - INFO - Rating : 
2026-09-30 14:55:39 - INFO - URL    : https://www.flipkart.com/acer-aspire-lite-metal-2026-amd-ryzen-3-quad-core-5400u-8-gb-512-gb-ssd-windows-11-home-al15-41-thin-light-laptop/p/itm1bc0bcb4598e7?pid=COMH2TPSM9V7V38F&lid=LSTCOMH2TPSM9V7V38F5SNKCO&marketplace=FLIPKART&q=Laptop&store=6bo%2Fb5g&srno=s_1_3&otracker=search&otracker1=search&fm=Search&iid=a670d812-2cc4-4c91-9c15-a369d6e07c19.COMH2TPSM9V7V38F.SEARCH&ppt=sp&ppn=sp&ssid=fknvzqyi6o0000001790760334306&qH=146bdebb324a64d3&ov_redirect=true
2026-09-30 14:55:39 - INFO - Image  : https://rukminim2.flixcart.com/image/312/312/xif0q/computer/b/k/d/-original-imahb2kbf2zdan3z.jpeg?q=70
2026-09-30 14:55:39 - INFO - 
Total products selected: 3
2026-09-30 14:55:39 - INFO - Get Products - Laptop completed successfully.
2026-09-30 14:55:39 - INFO - Products extracted for Laptop
2026-09-30 14:55:43 - INFO - 
==================================================
2026-09-30 14:55:43 - INFO - Processing Product : Phone
2026-09-30 14:55:43 - INFO - Maximum Price      : 20000
2026-09-30 14:55:43 - INFO - Customer Rating    : 4
2026-09-30 14:55:43 - INFO - ==================================================
2026-09-30 14:55:43 - INFO - Search Phone - Attempt 1/3
2026-09-30 14:55:43 - INFO - Searching product: Phone
2026-09-30 14:55:46 - INFO - Product entered: Phone
2026-09-30 14:55:46 - INFO - Search clicked: Phone
2026-09-30 14:55:49 - INFO - Search completed successfully: Phone
2026-09-30 14:55:49 - INFO - Search Phone completed successfully.
2026-09-30 14:55:49 - INFO - Price Filter - Attempt 1/3
2026-09-30 14:55:49 - INFO - Applying price filter: 20000
2026-09-30 14:55:49 - INFO - Price filter found.
2026-09-30 14:55:49 - INFO - Price dropdowns found: 2
2026-09-30 14:55:49 - INFO - Maximum price selected: 20000
2026-09-30 14:55:49 - INFO - Price Filter completed successfully.
2026-09-30 14:55:49 - INFO - Rating Filter - Attempt 1/3
2026-09-30 14:55:49 - INFO - Applying rating filter: 4
2026-09-30 14:55:49 - INFO - Customer Ratings filter found.
2026-09-30 14:55:55 - INFO - Rating filter selected: 4\u2605 & above
2026-09-30 14:56:00 - WARNING - Checkbox state could not be verified.
2026-09-30 14:56:02 - INFO - Rating filter applied successfully: 4\u2605 & above
2026-09-30 14:56:02 - INFO - Rating Filter completed successfully.
2026-09-30 14:56:02 - INFO - Get Products - Phone - Attempt 1/3
2026-09-30 14:56:02 - INFO - Getting products...
2026-09-30 14:56:02 - INFO - 
Product 1
2026-09-30 14:56:02 - INFO - Name   : 
2026-09-30 14:56:02 - INFO - Price  : 
2026-09-30 14:56:02 - INFO - Rating : 
2026-09-30 14:56:02 - INFO - URL    : https://www.flipkart.com/tecno-spark-go-3-titanium-grey-64-gb/p/itma9c8f128a61c6?pid=MOBHP2QY7GH4XWWS&lid=LSTMOBHP2QY7GH4XWWSUZBT2N&marketplace=FLIPKART&q=Phone&store=tyy%2F4io&srno=s_1_1&otracker=search&otracker1=search&fm=Search&iid=en_jYqiTH1j1PkmTGqUfzi_AFSm2LWKOBup0AD5IOOAb3fwijEEvqGiCm4Am-GMaxR_xuSl-jfu2FRRD3-px9HFb8sGNA1qIoJ6GHy8HsWZy1YuH_57W90T57xjgbyv52iv&ppt=sp&ppn=sp&ssid=quvskv315c0000001790760346468&qH=bcc254b55c4a1bab&ov_redirect=true
2026-09-30 14:56:02 - INFO - Image  : https://rukminim2.flixcart.com/image/312/312/xif0q/mobile/t/u/g/-resized-original-imahpffgyxph2hbr.jpeg?q=70
2026-09-30 14:56:02 - INFO - 
Product 2
2026-09-30 14:56:02 - INFO - Name   : 
2026-09-30 14:56:02 - INFO - Price  : 
2026-09-30 14:56:02 - INFO - Rating : 
2026-09-30 14:56:02 - INFO - URL    : https://www.flipkart.com/nokia-105-classic-single-sim-keypad-phone-without-charger/p/itmfdb404ec1d0f4?pid=MOBGWZUWPTFTQZAH&lid=LSTMOBGWZUWPTFTQZAHSIXCDR&marketplace=FLIPKART&q=Phone&store=tyy%2F4io&spotlightTagId=default_BestsellerId_tyy%2F4io&srno=s_1_2&otracker=search&otracker1=search&fm=Search&iid=ac0138d7-a1c0-482a-b124-5cd5c4d54063.MOBGWZUWPTFTQZAH.SEARCH&ppt=sp&ppn=sp&ssid=quvskv315c0000001790760346468&qH=bcc254b55c4a1bab&ov_redirect=true
2026-09-30 14:56:02 - INFO - Image  : https://rukminim2.flixcart.com/image/312/312/xif0q/mobile/p/o/i/105-single-sim-keypad-mobile-phone-with-wireless-fm-radio-nokia-resized-original-imah2xgc9z6cwcqv.jpeg?q=70
2026-09-30 14:56:02 - INFO - 
Product 3
2026-09-30 14:56:02 - INFO - Name   : 
2026-09-30 14:56:02 - INFO - Price  : 
2026-09-30 14:56:02 - INFO - Rating : 
2026-09-30 14:56:02 - INFO - URL    : https://www.flipkart.com/samsung-galaxy-f07-green-64-gb/p/itm294cbb65839e6?pid=MOBHMGHHXHYZEAVB&lid=LSTMOBHMGHHXHYZEAVBR68SR7&marketplace=FLIPKART&q=Phone&store=tyy%2F4io&spotlightTagId=default_BestsellerId_tyy%2F4io&srno=s_1_3&otracker=search&otracker1=search&fm=Search&iid=ac0138d7-a1c0-482a-b124-5cd5c4d54063.MOBHMGHHXHYZEAVB.SEARCH&ppt=sp&ppn=sp&ssid=quvskv315c0000001790760346468&qH=bcc254b55c4a1bab&ov_redirect=true
2026-09-30 14:56:02 - INFO - Image  : https://rukminim2.flixcart.com/image/312/312/xif0q/mobile/t/r/o/-original-imahjwcmjfzax5rj.jpeg?q=70
2026-09-30 14:56:02 - INFO - 
Total products selected: 3
2026-09-30 14:56:02 - INFO - Get Products - Phone completed successfully.
2026-09-30 14:56:02 - INFO - Products extracted for Phone
2026-09-30 14:56:05 - INFO - 
==================================================
2026-09-30 14:56:05 - INFO - Processing Product : Headphone
2026-09-30 14:56:05 - INFO - Maximum Price      : 2000
2026-09-30 14:56:05 - INFO - Customer Rating    : 3
2026-09-30 14:56:05 - INFO - ==================================================
2026-09-30 14:56:05 - INFO - Search Headphone - Attempt 1/3
2026-09-30 14:56:05 - INFO - Searching product: Headphone
2026-09-30 14:56:09 - INFO - Product entered: Headphone
2026-09-30 14:56:09 - INFO - Search clicked: Headphone
2026-09-30 14:56:12 - INFO - Search completed successfully: Headphone
2026-09-30 14:56:12 - INFO - Search Headphone completed successfully.
2026-09-30 14:56:12 - INFO - Price Filter - Attempt 1/3
2026-09-30 14:56:12 - INFO - Applying price filter: 2000
2026-09-30 14:56:12 - INFO - Price filter found.
2026-09-30 14:56:12 - INFO - Price dropdowns found: 2
2026-09-30 14:56:12 - INFO - Maximum price selected: 2000
2026-09-30 14:56:12 - INFO - Price Filter completed successfully.
2026-09-30 14:56:12 - INFO - Rating Filter - Attempt 1/3
2026-09-30 14:56:12 - INFO - Applying rating filter: 3
2026-09-30 14:56:12 - INFO - Customer Ratings filter found.
2026-09-30 14:56:12 - INFO - Rating filter selected: 3\u2605 & above
2026-09-30 14:56:12 - INFO - Rating checkbox checked: False
2026-09-30 14:56:14 - INFO - Rating filter applied successfully: 3\u2605 & above
2026-09-30 14:56:14 - INFO - Rating Filter completed successfully.
2026-09-30 14:56:14 - INFO - Get Products - Headphone - Attempt 1/3
2026-09-30 14:56:14 - INFO - Getting products...
2026-09-30 14:56:14 - INFO - 
Product 1
2026-09-30 14:56:14 - INFO - Name   : Mivi Duopods K2, 40Hrs PT, HD Call, Fast Charging, 50ms...
2026-09-30 14:56:14 - INFO - Price  : 
2026-09-30 14:56:14 - INFO - Rating : 
2026-09-30 14:56:14 - INFO - URL    : https://www.flipkart.com/mivi-duopods-k2-40hrs-pt-hd-call-fast-charging-50ms-latency-ipx4-voice-asst-5-3v-bluetooth/p/itm6e514d29fd947?pid=ACCGPFCN6ZKBF5MD&lid=LSTACCGPFCN6ZKBF5MDRNL8SQ&marketplace=FLIPKART&q=Headphone&store=0pm%2Ffcn&srno=s_1_1&otracker=search&otracker1=search&fm=Search&iid=en_eWfGDXbt_xAVrjvRWx5yAxnc28KE7r1sbYnYO6Ad_PdS0l6sqE7IJ-F7v2OQCT2Vu4FzVfBnGVcIyAwcEnIqO-DknNyeusk8SJjq7Xwsgg8l8MUMDD6GRwX-nU0lW-ET&ppt=sp&ppn=sp&ssid=gqef162chs0000001790760369088&qH=52f40b8ad1f6b467&ov_redirect=true&ov_redirect=true
2026-09-30 14:56:14 - INFO - Image  : https://rukminim2.flixcart.com/image/612/612/xif0q/headphone/l/q/s/-original-imahzv5q8zn5qvme.jpeg?q=70
2026-09-30 14:56:14 - INFO - 
Product 2
2026-09-30 14:56:14 - INFO - Name   : Aroma NB120 Amaze Upto 50 Hours Playtime*, Fast Chargin...
2026-09-30 14:56:14 - INFO - Price  : 
2026-09-30 14:56:14 - INFO - Rating : 
2026-09-30 14:56:14 - INFO - URL    : https://www.flipkart.com/aroma-nb120-amaze-upto-50-hours-playtime-fast-charging-dual-pairing-neckband-bluetooth/p/itmcaffc9be2871e?pid=ACCHDFNHMZWQABDN&lid=LSTACCHDFNHMZWQABDNHRENMC&marketplace=FLIPKART&q=Headphone&store=0pm%2Ffcn&srno=s_1_2&otracker=search&otracker1=search&fm=Search&iid=en_eWfGDXbt_xAVrjvRWx5yAxnc28KE7r1sbYnYO6Ad_PdPM58gBYB8LrByqsLpd1wL1NGz98QwQpm3GcMmcSfyUXxYhC_3Wet9bAX1NITAy4AdlsyVCUjGYKzJsmtaDuDO&ppt=sp&ppn=sp&ssid=gqef162chs0000001790760369088&qH=52f40b8ad1f6b467&ov_redirect=true&ov_redirect=true
2026-09-30 14:56:14 - INFO - Image  : https://rukminim2.flixcart.com/image/612/612/xif0q/headphone/u/x/9/nb120-amaze-upto-50-hours-playtime-fast-charging-dual-pairing-original-imahd8bgft3dndh2.jpeg?q=70
2026-09-30 14:56:14 - INFO - 
Product 3
2026-09-30 14:56:14 - INFO - Name   : PTron Studio w/ Dual-Device Pairing, 60Hrs Playtime, HD...
2026-09-30 14:56:14 - INFO - Price  : 
2026-09-30 14:56:14 - INFO - Rating : 
2026-09-30 14:56:14 - INFO - URL    : https://www.flipkart.com/ptron-studio-w-dual-device-pairing-60hrs-playtime-hd-mic-40mm-drivers-bt5-4-bluetooth/p/itm428418398f35e?pid=ACCHGBHAFCEAQGHZ&lid=LSTACCHGBHAFCEAQGHZNHOFGO&marketplace=FLIPKART&q=Headphone&store=0pm%2Ffcn&srno=s_1_3&otracker=search&otracker1=search&fm=Search&iid=e02527d3-f04c-4ca1-ae7c-e4e0b17b99cd.ACCHGBHAFCEAQGHZ.SEARCH&ppt=sp&ppn=sp&ssid=gqef162chs0000001790760369088&qH=52f40b8ad1f6b467&ov_redirect=true&ov_redirect=true
2026-09-30 14:56:14 - INFO - Image  : https://rukminim2.flixcart.com/image/612/612/xif0q/headphone/q/e/x/-enriched-transparent-original-imahg5yzggargbs7.png?q=70
2026-09-30 14:56:14 - INFO - 
Total products selected: 3
2026-09-30 14:56:14 - INFO - Get Products - Headphone completed successfully.
2026-09-30 14:56:14 - INFO - Products extracted for Headphone
2026-09-30 14:56:18 - INFO - 
==================================================
2026-09-30 14:56:18 - INFO - Processing Product : Speaker
2026-09-30 14:56:18 - INFO - Maximum Price      : 2000
2026-09-30 14:56:18 - INFO - Customer Rating    : 4
2026-09-30 14:56:18 - INFO - ==================================================
2026-09-30 14:56:18 - INFO - Search Speaker - Attempt 1/3
2026-09-30 14:56:18 - INFO - Searching product: Speaker
2026-09-30 14:56:19 - ERROR - Search failed
2026-09-30 14:56:19 - ERROR - Failed to capture screenshot: Page.screenshot: Target page, context or browser has been closed
2026-09-30 14:56:19 - INFO - Failure screenshot: None
2026-09-30 14:56:19 - ERROR - Search Speaker failed on attempt 1/3: Page.wait_for_timeout: Target page, context or browser has been closed
2026-09-30 14:56:21 - INFO - Search Speaker - Attempt 2/3
2026-09-30 14:56:21 - INFO - Searching product: Speaker
2026-09-30 14:56:21 - ERROR - Search failed
2026-09-30 14:56:21 - ERROR - Failed to capture screenshot: Page.screenshot: Target page, context or browser has been closed
2026-09-30 14:56:21 - INFO - Failure screenshot: None
2026-09-30 14:56:21 - ERROR - Search Speaker failed on attempt 2/3: Locator.wait_for: Target page, context or browser has been closed
2026-09-30 14:56:23 - INFO - Search Speaker - Attempt 3/3
2026-09-30 14:56:23 - INFO - Searching product: Speaker
2026-09-30 14:56:23 - ERROR - Search failed
2026-09-30 14:56:23 - ERROR - Failed to capture screenshot: Page.screenshot: Target page, context or browser has been closed
2026-09-30 14:56:23 - INFO - Failure screenshot: None
2026-09-30 14:56:23 - ERROR - Search Speaker failed on attempt 3/3: Locator.wait_for: Target page, context or browser has been closed
2026-09-30 14:56:23 - ERROR - Search Speaker failed after 3 attempts.
2026-09-30 14:56:23 - WARNING - Product processing failed: Locator.wait_for: Target page, context or browser has been closed
2026-09-30 14:56:23 - ERROR - Automation failed: send_exception_email() got an unexpected keyword argument 'subject'
Traceback (most recent call last):
  File "C:\Users\Admin\OneDrive - StayAhead\Documents\Demo_Sruthy\flipkart_automation\modules\bot_runner.py", line 136, in run_bot
    await retry_async(
    ...<4 lines>...
    )
  File "C:\Users\Admin\OneDrive - StayAhead\Documents\Demo_Sruthy\flipkart_automation\modules\retry.py", line 26, in retry_async
    result = await function(*args)
             ^^^^^^^^^^^^^^^^^^^^^
  File "C:\Users\Admin\OneDrive - StayAhead\Documents\Demo_Sruthy\flipkart_automation\modules\flipkart_actions.py", line 19, in search_product
    await search_box.wait_for(
    ...<2 lines>...
    )
  File "C:\Users\Admin\OneDrive - StayAhead\Documents\Demo_Sruthy\flipkart_automation\flipkart_env\Lib\site-packages\playwright\async_api\_generated.py", line 20672, in wait_for
    await self._impl_obj.wait_for(timeout=to_milliseconds(timeout), state=state)
  File "C:\Users\Admin\OneDrive - StayAhead\Documents\Demo_Sruthy\flipkart_automation\flipkart_env\Lib\site-packages\playwright\_impl\_locator.py", line 752, in wait_for
    await self._frame.wait_for_selector(
        self._selector, strict=True, timeout=timeout, state=state
    )
  File "C:\Users\Admin\OneDrive - StayAhead\Documents\Demo_Sruthy\flipkart_automation\flipkart_env\Lib\site-packages\playwright\_impl\_frame.py", line 395, in wait_for_selector
    await self._channel.send(
        "waitForSelector", self._timeout, locals_to_params(locals())
    )
  File "C:\Users\Admin\OneDrive - StayAhead\Documents\Demo_Sruthy\flipkart_automation\flipkart_env\Lib\site-packages\playwright\_impl\_connection.py", line 76, in send
    return await self._connection.wrap_api_call(
           ^^^^^^^^^^^^^^^^^^^^^^^^^^^^^^^^^^^^^
    ...<3 lines>...
    )
    ^
  File "C:\Users\Admin\OneDrive - StayAhead\Documents\Demo_Sruthy\flipkart_automation\flipkart_env\Lib\site-packages\playwright\_impl\_connection.py", line 632, in wrap_api_call
    raise rewrite_error(error, f"{parsed_st['apiName']}: {error}") from None
playwright._impl._errors.TargetClosedError: Locator.wait_for: Target page, context or browser has been closed

During handling of the above exception, another exception occurred:

Traceback (most recent call last):
  File "C:\Users\Admin\OneDrive - StayAhead\Documents\Demo_Sruthy\flipkart_automation\modules\bot_runner.py", line 217, in run_bot
    send_exception_email(
    ~~~~~~~~~~~~~~~~~~~~^
            exception=e,
            ^^^^^^^^^^^^
            start_time=start_time,
            ^^^^^^^^^^^^^^^^^^^^^^
            bot_name="Flipkart Automation"
            ^^^^^^^^^^^^^^^^^^^^^^^^^^^^^^
    )
    ^
  File "C:\Users\Admin\OneDrive - StayAhead\Documents\Demo_Sruthy\flipkart_automation\modules\email_sender.py", line 413, in send_exception_email
    send_exception_email(
    ~~~~~~~~~~~~~~~~~~~~^
        subject="\U0001f534 Flipkart Automation - Exception Occurred",
        ^^^^^^^^^^^^^^^^^^^^^^^^^^^^^^^^^^^^^^^^^^^^^^^^^^^^^^
        html_body=html_body
        ^^^^^^^^^^^^^^^^^^^
    )
    ^
TypeError: send_exception_email() got an unexpected keyword argument 'subject'
2026-09-30 14:56:23 - INFO - Browser context closed.
2026-09-30 14:56:23 - INFO - Browser closed.
2026-09-30 14:56:23 - INFO - Playwright stopped.
2026-09-30 14:56:23 - ERROR - Automation failed
2026-09-30 14:56:23 - INFO - Flipkart Automation Completed
2026-09-30 14:56:40 - INFO - Flipkart Automation Started
2026-09-30 14:56:40 - INFO - BOT RUNNER STARTED
2026-09-30 14:56:45 - INFO - Trigger email sent.
2026-09-30 14:56:47 - INFO - Opening Flipkart...
2026-09-30 14:56:49 - INFO - Flipkart opened successfully
2026-09-30 14:56:49 - INFO - Logging into flipkart
2026-09-30 14:56:52 - INFO - Products found in Excel: 5
2026-09-30 14:56:52 - INFO - 
==================================================
2026-09-30 14:56:52 - INFO - Processing Product : Laptop
2026-09-30 14:56:52 - INFO - Maximum Price      : 40000
2026-09-30 14:56:52 - INFO - Customer Rating    : 3
2026-09-30 14:56:52 - INFO - ==================================================
2026-09-30 14:56:52 - INFO - Search Laptop - Attempt 1/3
2026-09-30 14:56:52 - INFO - Searching product: Laptop
2026-09-30 14:56:55 - INFO - Product entered: Laptop
2026-09-30 14:56:55 - INFO - Search clicked: Laptop
2026-09-30 14:56:58 - INFO - Search completed successfully: Laptop
2026-09-30 14:56:58 - INFO - Search Laptop completed successfully.
2026-09-30 14:56:58 - INFO - Price Filter - Attempt 1/3
2026-09-30 14:56:58 - INFO - Applying price filter: 40000
2026-09-30 14:56:58 - INFO - Price filter found.
2026-09-30 14:56:58 - INFO - Price dropdowns found: 2
2026-09-30 14:56:58 - INFO - Maximum price selected: 40000
2026-09-30 14:56:58 - INFO - Price Filter completed successfully.
2026-09-30 14:56:58 - INFO - Rating Filter - Attempt 1/3
2026-09-30 14:56:58 - INFO - Applying rating filter: 3
2026-09-30 14:56:58 - INFO - Customer Ratings filter found.
2026-09-30 14:56:59 - INFO - Rating filter selected: 3\u2605 & above
2026-09-30 14:56:59 - INFO - Rating checkbox checked: False
2026-09-30 14:57:01 - INFO - Rating filter applied successfully: 3\u2605 & above
2026-09-30 14:57:01 - INFO - Rating Filter completed successfully.
2026-09-30 14:57:01 - INFO - Get Products - Laptop - Attempt 1/3
2026-09-30 14:57:01 - INFO - Getting products...
2026-09-30 14:57:01 - INFO - 
Product 1
2026-09-30 14:57:01 - INFO - Name   : 
2026-09-30 14:57:01 - INFO - Price  : 
2026-09-30 14:57:01 - INFO - Rating : 
2026-09-30 14:57:01 - INFO - URL    : https://www.flipkart.com/lenovo-100e-chromebook-gen-4-mediatek-kompanio-520-4-gb-32-gb-emmc-storage-chrome-os/p/itm041aea27f1885?pid=COMHA9FK8YXVUUWA&lid=LSTCOMHA9FK8YXVUUWAAREQMZ&marketplace=FLIPKART&q=Laptop&store=6bo%2Fb5g&srno=s_1_1&otracker=search&otracker1=search&fm=Search&iid=c1f74e7f-6122-4725-9162-c4fc64f03985.COMHA9FK8YXVUUWA.SEARCH&ppt=sp&ppn=sp&ssid=a8jx9f9fpc0000001790760415911&qH=146bdebb324a64d3&ov_redirect=true
2026-09-30 14:57:01 - INFO - Image  : https://rukminim2.flixcart.com/image/312/312/xif0q/computer/c/g/4/-enriched-transparent-original-imahgfdyf6grkw9r.png?q=70
2026-09-30 14:57:01 - INFO - 
Product 2
2026-09-30 14:57:01 - INFO - Name   : 
2026-09-30 14:57:01 - INFO - Price  : 
2026-09-30 14:57:01 - INFO - Rating : 
2026-09-30 14:57:01 - INFO - URL    : https://www.flipkart.com/neopticon-intel-celeron-dual-core-n4020-4-gb-128-gb-ssd-windows-11-home-bbn40412814-laptop/p/itm8249747b82715?pid=COMHZK89YGZAHHZC&lid=LSTCOMHZK89YGZAHHZCZ44OFQ&marketplace=FLIPKART&q=Laptop&store=6bo%2Fb5g&srno=s_1_2&otracker=search&otracker1=search&fm=Search&iid=c1f74e7f-6122-4725-9162-c4fc64f03985.COMHZK89YGZAHHZC.SEARCH&ppt=sp&ppn=sp&ssid=a8jx9f9fpc0000001790760415911&qH=146bdebb324a64d3&ov_redirect=true
2026-09-30 14:57:01 - INFO - Image  : https://rukminim2.flixcart.com/image/312/312/xif0q/computer/x/j/d/bbn40412814-laptop-neopticon-original-imahzk89yvgd4spy.jpeg?q=70
2026-09-30 14:57:01 - INFO - 
Product 3
2026-09-30 14:57:01 - INFO - Name   : 
2026-09-30 14:57:01 - INFO - Price  : 
2026-09-30 14:57:01 - INFO - Rating : 
2026-09-30 14:57:01 - INFO - URL    : https://www.flipkart.com/acer-aspire-lite-metal-2026-amd-ryzen-3-quad-core-5400u-8-gb-512-gb-ssd-windows-11-home-al15-41-thin-light-laptop/p/itm1bc0bcb4598e7?pid=COMH2TPSM9V7V38F&lid=LSTCOMH2TPSM9V7V38F5SNKCO&marketplace=FLIPKART&q=Laptop&store=6bo%2Fb5g&srno=s_1_3&otracker=search&otracker1=search&fm=Search&iid=c1f74e7f-6122-4725-9162-c4fc64f03985.COMH2TPSM9V7V38F.SEARCH&ppt=sp&ppn=sp&ssid=a8jx9f9fpc0000001790760415911&qH=146bdebb324a64d3&ov_redirect=true
2026-09-30 14:57:01 - INFO - Image  : https://rukminim2.flixcart.com/image/312/312/xif0q/computer/b/k/d/-original-imahb2kbf2zdan3z.jpeg?q=70
2026-09-30 14:57:01 - INFO - 
Total products selected: 3
2026-09-30 14:57:01 - INFO - Get Products - Laptop completed successfully.
2026-09-30 14:57:01 - INFO - Products extracted for Laptop
2026-09-30 14:57:04 - INFO - 
==================================================
2026-09-30 14:57:04 - INFO - Processing Product : Phone
2026-09-30 14:57:04 - INFO - Maximum Price      : 20000
2026-09-30 14:57:04 - INFO - Customer Rating    : 4
2026-09-30 14:57:04 - INFO - ==================================================
2026-09-30 14:57:04 - INFO - Search Phone - Attempt 1/3
2026-09-30 14:57:04 - INFO - Searching product: Phone
2026-09-30 14:57:07 - INFO - Product entered: Phone
2026-09-30 14:57:07 - INFO - Search clicked: Phone
2026-09-30 14:57:10 - INFO - Search completed successfully: Phone
2026-09-30 14:57:10 - INFO - Search Phone completed successfully.
2026-09-30 14:57:10 - INFO - Price Filter - Attempt 1/3
2026-09-30 14:57:10 - INFO - Applying price filter: 20000
2026-09-30 14:57:10 - INFO - Price filter found.
2026-09-30 14:57:10 - INFO - Price dropdowns found: 2
2026-09-30 14:57:11 - INFO - Maximum price selected: 20000
2026-09-30 14:57:11 - INFO - Price Filter completed successfully.
2026-09-30 14:57:11 - INFO - Rating Filter - Attempt 1/3
2026-09-30 14:57:11 - INFO - Applying rating filter: 4
2026-09-30 14:57:11 - INFO - Customer Ratings filter found.
2026-09-30 14:57:17 - INFO - Rating filter selected: 4\u2605 & above
2026-09-30 14:57:22 - WARNING - Checkbox state could not be verified.
2026-09-30 14:57:24 - INFO - Rating filter applied successfully: 4\u2605 & above
2026-09-30 14:57:24 - INFO - Rating Filter completed successfully.
2026-09-30 14:57:24 - INFO - Get Products - Phone - Attempt 1/3
2026-09-30 14:57:24 - INFO - Getting products...
2026-09-30 14:57:24 - INFO - 
Product 1
2026-09-30 14:57:24 - INFO - Name   : 
2026-09-30 14:57:24 - INFO - Price  : 
2026-09-30 14:57:24 - INFO - Rating : 
2026-09-30 14:57:24 - INFO - URL    : https://www.flipkart.com/tecno-spark-go-3-titanium-grey-64-gb/p/itma9c8f128a61c6?pid=MOBHP2QY7GH4XWWS&lid=LSTMOBHP2QY7GH4XWWSUZBT2N&marketplace=FLIPKART&q=Phone&store=tyy%2F4io&srno=s_1_1&otracker=search&otracker1=search&fm=Search&iid=en_xECgwpardFORhrawEGw3sMZM5nxVATiLEx8aJz_2FaSpwn6LEypk9UlWGmeq6MLgxuSl-jfu2FRRD3-px9HFb8sGNA1qIoJ6GHy8HsWZy1Z4eydG_9s2s7tQO5NMeoQL&ppt=sp&ppn=sp&ssid=5nfnqj6ym80000001790760427954&qH=bcc254b55c4a1bab&ov_redirect=true
2026-09-30 14:57:24 - INFO - Image  : https://rukminim2.flixcart.com/image/312/312/xif0q/mobile/t/u/g/-resized-original-imahpffgyxph2hbr.jpeg?q=70
2026-09-30 14:57:24 - INFO - 
Product 2
2026-09-30 14:57:24 - INFO - Name   : 
2026-09-30 14:57:24 - INFO - Price  : 
2026-09-30 14:57:24 - INFO - Rating : 
2026-09-30 14:57:24 - INFO - URL    : https://www.flipkart.com/nokia-105-classic-single-sim-keypad-phone-without-charger/p/itmfdb404ec1d0f4?pid=MOBGWZUWPTFTQZAH&lid=LSTMOBGWZUWPTFTQZAHSIXCDR&marketplace=FLIPKART&q=Phone&store=tyy%2F4io&spotlightTagId=default_BestsellerId_tyy%2F4io&srno=s_1_2&otracker=search&otracker1=search&fm=Search&iid=801d34ef-49f9-4714-8ade-b7557739d617.MOBGWZUWPTFTQZAH.SEARCH&ppt=sp&ppn=sp&ssid=5nfnqj6ym80000001790760427954&qH=bcc254b55c4a1bab&ov_redirect=true
2026-09-30 14:57:24 - INFO - Image  : https://rukminim2.flixcart.com/image/312/312/xif0q/mobile/p/o/i/105-single-sim-keypad-mobile-phone-with-wireless-fm-radio-nokia-resized-original-imah2xgc9z6cwcqv.jpeg?q=70
2026-09-30 14:57:24 - INFO - 
Product 3
2026-09-30 14:57:24 - INFO - Name   : 
2026-09-30 14:57:24 - INFO - Price  : 
2026-09-30 14:57:24 - INFO - Rating : 
2026-09-30 14:57:24 - INFO - URL    : https://www.flipkart.com/samsung-galaxy-f07-green-64-gb/p/itm294cbb65839e6?pid=MOBHMGHHXHYZEAVB&lid=LSTMOBHMGHHXHYZEAVBR68SR7&marketplace=FLIPKART&q=Phone&store=tyy%2F4io&spotlightTagId=default_BestsellerId_tyy%2F4io&srno=s_1_3&otracker=search&otracker1=search&fm=Search&iid=801d34ef-49f9-4714-8ade-b7557739d617.MOBHMGHHXHYZEAVB.SEARCH&ppt=sp&ppn=sp&ssid=5nfnqj6ym80000001790760427954&qH=bcc254b55c4a1bab&ov_redirect=true
2026-09-30 14:57:24 - INFO - Image  : https://rukminim2.flixcart.com/image/312/312/xif0q/mobile/t/r/o/-original-imahjwcmjfzax5rj.jpeg?q=70
2026-09-30 14:57:24 - INFO - 
Total products selected: 3
2026-09-30 14:57:24 - INFO - Get Products - Phone completed successfully.
2026-09-30 14:57:24 - INFO - Products extracted for Phone
2026-09-30 14:57:28 - INFO - 
==================================================
2026-09-30 14:57:28 - INFO - Processing Product : Headphone
2026-09-30 14:57:28 - INFO - Maximum Price      : 2000
2026-09-30 14:57:28 - INFO - Customer Rating    : 3
2026-09-30 14:57:28 - INFO - ==================================================
2026-09-30 14:57:28 - INFO - Search Headphone - Attempt 1/3
2026-09-30 14:57:28 - INFO - Searching product: Headphone
2026-09-30 14:57:31 - INFO - Product entered: Headphone
2026-09-30 14:57:31 - INFO - Search clicked: Headphone
2026-09-30 14:57:34 - INFO - Search completed successfully: Headphone
2026-09-30 14:57:34 - INFO - Search Headphone completed successfully.
2026-09-30 14:57:34 - INFO - Price Filter - Attempt 1/3
2026-09-30 14:57:34 - INFO - Applying price filter: 2000
2026-09-30 14:57:34 - INFO - Price filter found.
2026-09-30 14:57:34 - INFO - Price dropdowns found: 2
2026-09-30 14:57:34 - INFO - Maximum price selected: 2000
2026-09-30 14:57:34 - INFO - Price Filter completed successfully.
2026-09-30 14:57:34 - INFO - Rating Filter - Attempt 1/3
2026-09-30 14:57:34 - INFO - Applying rating filter: 3
2026-09-30 14:57:34 - INFO - Customer Ratings filter found.
2026-09-30 14:57:34 - INFO - Rating filter selected: 3\u2605 & above
2026-09-30 14:57:34 - INFO - Rating checkbox checked: False
2026-09-30 14:57:36 - INFO - Rating filter applied successfully: 3\u2605 & above
2026-09-30 14:57:36 - INFO - Rating Filter completed successfully.
2026-09-30 14:57:36 - INFO - Get Products - Headphone - Attempt 1/3
2026-09-30 14:57:36 - INFO - Getting products...
2026-09-30 14:57:37 - INFO - 
Product 1
2026-09-30 14:57:37 - INFO - Name   : Mivi Duopods B1 (Just Launched)45Hrs Playtime, AI ENC f...
2026-09-30 14:57:37 - INFO - Price  : 
2026-09-30 14:57:37 - INFO - Rating : 
2026-09-30 14:57:37 - INFO - URL    : https://www.flipkart.com/mivi-duopods-b1-just-launched-45hrs-playtime-ai-enc-hd-call-fast-charging-5-3-bluetooth/p/itmb88189abeb525?pid=ACCH8Z35ZAJSR9CU&lid=LSTACCH8Z35ZAJSR9CUDDHQNH&marketplace=FLIPKART&q=Headphone&store=0pm%2Ffcn&srno=s_1_1&otracker=search&otracker1=search&fm=Search&iid=en_L87yshhDn26KsHfEc39Q74_93kMVswK_GOOGR4M3HbxAPJ6r2XML578EvHlya6qm2uDovzvrNmHO8mLbvNDx-mV-2gqjIUglZL0FsRax2TpjIDL4pRH3KfGyhIamYZdj&ppt=sp&ppn=sp&ssid=tv27mvakm80000001790760451417&qH=52f40b8ad1f6b467&ov_redirect=true&ov_redirect=true
2026-09-30 14:57:37 - INFO - Image  : https://rukminim2.flixcart.com/image/612/612/xif0q/headphone/k/k/r/-original-imaha9pgxwpfewtb.jpeg?q=70
2026-09-30 14:57:37 - INFO - 
Product 2
2026-09-30 14:57:37 - INFO - Name   : TRIGGR Trinity 3 with Fabric Finish, Dual Pairing, 50H ...
2026-09-30 14:57:37 - INFO - Price  : 
2026-09-30 14:57:37 - INFO - Rating : 
2026-09-30 14:57:37 - INFO - URL    : https://www.flipkart.com/triggr-trinity-3-fabric-finish-dual-pairing-50h-battery-foldable-design-v5-3-bluetooth/p/itm7c3a2b317d8c4?pid=ACCHGPKHZGJQ9MUC&lid=LSTACCHGPKHZGJQ9MUCGEPTCG&marketplace=FLIPKART&q=Headphone&store=0pm%2Ffcn&srno=s_1_2&otracker=search&otracker1=search&fm=Search&iid=en_L87yshhDn26KsHfEc39Q74_93kMVswK_GOOGR4M3HbypQsQaZP2IUaGOD71Sb0Hzptky0KZGUirbm5KO8zXoV81hKV3H_6oFr2I7qKRSnOZjIDL4pRH3KfGyhIamYZdj&ppt=sp&ppn=sp&ssid=tv27mvakm80000001790760451417&qH=52f40b8ad1f6b467&ov_redirect=true&ov_redirect=true
2026-09-30 14:57:37 - INFO - Image  : https://rukminim2.flixcart.com/image/612/612/xif0q/headphone/o/i/h/-original-imahg6wkzfnqmzkh.jpeg?q=70
2026-09-30 14:57:37 - INFO - 
Product 3
2026-09-30 14:57:37 - INFO - Name   : PTron Studio w/ Dual-Device Pairing, 60Hrs Playtime, HD...
2026-09-30 14:57:37 - INFO - Price  : 
2026-09-30 14:57:37 - INFO - Rating : 
2026-09-30 14:57:37 - INFO - URL    : https://www.flipkart.com/ptron-studio-w-dual-device-pairing-60hrs-playtime-hd-mic-40mm-drivers-bt5-4-bluetooth/p/itm428418398f35e?pid=ACCHGBHAFCEAQGHZ&lid=LSTACCHGBHAFCEAQGHZNHOFGO&marketplace=FLIPKART&q=Headphone&store=0pm%2Ffcn&srno=s_1_3&otracker=search&otracker1=search&fm=Search&iid=bb131a5a-cea8-4814-a7ca-d9c931bbb9d5.ACCHGBHAFCEAQGHZ.SEARCH&ppt=sp&ppn=sp&ssid=tv27mvakm80000001790760451417&qH=52f40b8ad1f6b467&ov_redirect=true&ov_redirect=true
2026-09-30 14:57:37 - INFO - Image  : https://rukminim2.flixcart.com/image/612/612/xif0q/headphone/q/e/x/-enriched-transparent-original-imahg5yzggargbs7.png?q=70
2026-09-30 14:57:37 - INFO - 
Total products selected: 3
2026-09-30 14:57:37 - INFO - Get Products - Headphone completed successfully.
2026-09-30 14:57:37 - INFO - Products extracted for Headphone
2026-09-30 14:57:40 - INFO - 
==================================================
2026-09-30 14:57:40 - INFO - Processing Product : Speaker
2026-09-30 14:57:40 - INFO - Maximum Price      : 2000
2026-09-30 14:57:40 - INFO - Customer Rating    : 4
2026-09-30 14:57:40 - INFO - ==================================================
2026-09-30 14:57:40 - INFO - Search Speaker - Attempt 1/3
2026-09-30 14:57:40 - INFO - Searching product: Speaker
2026-09-30 14:57:43 - INFO - Product entered: Speaker
2026-09-30 14:57:43 - INFO - Search clicked: Speaker
2026-09-30 14:57:46 - INFO - Search completed successfully: Speaker
2026-09-30 14:57:46 - INFO - Search Speaker completed successfully.
2026-09-30 14:57:46 - INFO - Price Filter - Attempt 1/3
2026-09-30 14:57:46 - INFO - Applying price filter: 2000
2026-09-30 14:57:46 - INFO - Price filter found.
2026-09-30 14:57:46 - INFO - Price dropdowns found: 2
2026-09-30 14:57:46 - INFO - Maximum price selected: 2000
2026-09-30 14:57:46 - INFO - Price Filter completed successfully.
2026-09-30 14:57:46 - INFO - Rating Filter - Attempt 1/3
2026-09-30 14:57:46 - INFO - Applying rating filter: 4
2026-09-30 14:57:46 - INFO - Customer Ratings filter found.
2026-09-30 14:57:47 - INFO - Rating filter selected: 4\u2605 & above
2026-09-30 14:57:47 - INFO - Rating checkbox checked: False
2026-09-30 14:57:49 - INFO - Rating filter applied successfully: 4\u2605 & above
2026-09-30 14:57:49 - INFO - Rating Filter completed successfully.
2026-09-30 14:57:49 - INFO - Get Products - Speaker - Attempt 1/3
2026-09-30 14:57:49 - INFO - Getting products...
2026-09-30 14:57:49 - INFO - 
Product 1
2026-09-30 14:57:49 - INFO - Name   : Dubstep Pop 1210 12 W Bluetooth Speaker
2026-09-30 14:57:49 - INFO - Price  : 
2026-09-30 14:57:49 - INFO - Rating : 
2026-09-30 14:57:49 - INFO - URL    : https://www.flipkart.com/dubstep-pop-1210-12-w-bluetooth-speaker/p/itm3dee3370c3cee?pid=ACCHC4HBP9DMS6HY&lid=LSTACCHC4HBP9DMS6HYLSW9HL&marketplace=FLIPKART&q=Speaker&store=0pm%2F0o7&srno=s_1_1&otracker=search&otracker1=search&fm=Search&iid=en_aDegB_utWQpn5stR_Wl_07kVifgw1JN6KtACU-N3CzECWeTN0Qyck0LgkL3QkBfzH6-t7bk4_Z6vbssQxvK3Ze1nFoKFG7xdwTJzFf-lT6TMuQTAr1HL6rYSinXX9LvM&ppt=sp&ppn=sp&ssid=1kaslm8bi80000001790760463671&qH=22cc65fdfc4417d6&ov_redirect=true&ov_redirect=true
2026-09-30 14:57:49 - INFO - Image  : https://rukminim2.flixcart.com/image/612/612/xif0q/speaker/mobile-tablet-speaker/o/r/y/pop-1210-wireless-speaker-with-16-hrs-playtime-52mm-dynamic-enriched-transparent-original-imahhmcsquwzygm6.png?q=70
2026-09-30 14:57:49 - INFO - 
Product 2
2026-09-30 14:57:49 - INFO - Name   : boAt 2.0 150, RGB LEDs, 5 Hrs Battery, TWS Feature 16 W...
2026-09-30 14:57:49 - INFO - Price  : 
2026-09-30 14:57:49 - INFO - Rating : 
2026-09-30 14:57:49 - INFO - URL    : https://www.flipkart.com/boat-2-0-150-rgb-leds-5-hrs-battery-tws-feature-16-w-bluetooth-speaker/p/itm033fa467acb92?pid=ACCHBCGFFPWPUWCH&lid=LSTACCHBCGFFPWPUWCHI8RGQO&marketplace=FLIPKART&q=Speaker&store=0pm%2F0o7&srno=s_1_2&otracker=search&otracker1=search&fm=Search&iid=en_aDegB_utWQpn5stR_Wl_07kVifgw1JN6KtACU-N3CzGzYYvmR6B8ZCqHeV3D7C7q6R4ygXaqp-2hjYXBFOiY7VvROvndVvGXrIBk5xUaq4PMuQTAr1HL6rYSinXX9LvM&ppt=sp&ppn=sp&ssid=1kaslm8bi80000001790760463671&qH=22cc65fdfc4417d6&ov_redirect=true&ov_redirect=true
2026-09-30 14:57:49 - INFO - Image  : https://rukminim2.flixcart.com/image/612/612/xif0q/speaker/r/n/n/-original-imahezg4nm5qpjmb.jpeg?q=70
2026-09-30 14:57:49 - INFO - 
Product 3
2026-09-30 14:57:49 - INFO - Name   : ZEBRONICS ZEB-SOUND FEAST 40 (ZEB-PSPK 48) 8 W Bluetoot...
2026-09-30 14:57:49 - INFO - Price  : 
2026-09-30 14:57:49 - INFO - Rating : 
2026-09-30 14:57:49 - INFO - URL    : https://www.flipkart.com/zebronics-zeb-sound-feast-40-zeb-pspk-48-8-w-bluetooth-speaker/p/itm7d7517e20d1f3?pid=ACCH66X7D7TUY5V4&lid=LSTACCH66X7D7TUY5V4WLL2NN&marketplace=FLIPKART&q=Speaker&store=0pm%2F0o7&spotlightTagId=default_TrendingId_0pm%2F0o7&srno=s_1_3&otracker=search&otracker1=search&fm=Search&iid=99733d41-4011-4761-9dc5-ea88b884c43f.ACCH66X7D7TUY5V4.SEARCH&ppt=sp&ppn=sp&ssid=1kaslm8bi80000001790760463671&qH=22cc65fdfc4417d6&ov_redirect=true&ov_redirect=true
2026-09-30 14:57:49 - INFO - Image  : https://rukminim2.flixcart.com/image/612/612/xif0q/speaker/laptop-desktop-speaker/w/8/h/zeb-sound-feast-40-zeb-pspk-48-zebronics-original-imah66x6nhjqgkfz.jpeg?q=70
2026-09-30 14:57:49 - INFO - 
Total products selected: 3
2026-09-30 14:57:49 - INFO - Get Products - Speaker completed successfully.
2026-09-30 14:57:49 - INFO - Products extracted for Speaker
2026-09-30 14:57:53 - INFO - 
==================================================
2026-09-30 14:57:53 - INFO - Processing Product : ipad
2026-09-30 14:57:53 - INFO - Maximum Price      : 25000
2026-09-30 14:57:53 - INFO - Customer Rating    : 3
2026-09-30 14:57:53 - INFO - ==================================================
2026-09-30 14:57:53 - INFO - Search ipad - Attempt 1/3
2026-09-30 14:57:53 - INFO - Searching product: ipad
2026-09-30 14:57:56 - INFO - Product entered: ipad
2026-09-30 14:57:56 - INFO - Search clicked: ipad
2026-09-30 14:57:59 - INFO - Search completed successfully: ipad
2026-09-30 14:57:59 - INFO - Search ipad completed successfully.
2026-09-30 14:57:59 - INFO - Price Filter - Attempt 1/3
2026-09-30 14:57:59 - INFO - Applying price filter: 25000
2026-09-30 14:57:59 - INFO - Price filter found.
2026-09-30 14:57:59 - INFO - Price dropdowns found: 2
2026-09-30 14:57:59 - INFO - Maximum price selected: 25000
2026-09-30 14:57:59 - INFO - Price Filter completed successfully.
2026-09-30 14:57:59 - INFO - Rating Filter - Attempt 1/3
2026-09-30 14:57:59 - INFO - Applying rating filter: 3
2026-09-30 14:57:59 - INFO - Customer Ratings filter found.
2026-09-30 14:57:59 - INFO - Rating filter selected: 3\u2605 & above
2026-09-30 14:57:59 - INFO - Rating checkbox checked: False
2026-09-30 14:58:01 - INFO - Rating filter applied successfully: 3\u2605 & above
2026-09-30 14:58:01 - INFO - Rating Filter completed successfully.
2026-09-30 14:58:01 - INFO - Get Products - ipad - Attempt 1/3
2026-09-30 14:58:01 - INFO - Getting products...
2026-09-30 14:58:01 - INFO - 
Product 1
2026-09-30 14:58:01 - INFO - Name   : 
2026-09-30 14:58:01 - INFO - Price  : 
2026-09-30 14:58:01 - INFO - Rating : 
2026-09-30 14:58:01 - INFO - URL    : https://www.flipkart.com/apple-ipad-6th-gen-32-gb-rom-9-7-inch-wi-fi-only-a10-fusion-chip-silver/p/itmf455ekgzbaen7?pid=TABF455EZRU2GTXZ&lid=LSTTABF455EZRU2GTXZWOI2FK&marketplace=FLIPKART&q=ipad&store=tyy%2Fhry&srno=s_1_1&otracker=search&otracker1=search&fm=Search&iid=98f973d3-799c-4b9a-8bab-c9a7fe0661fa.TABF455EZRU2GTXZ.SEARCH&ppt=sp&ppn=sp&ssid=pg5jdpvouo0000001790760476110&qH=09401fded433c347&ov_redirect=true
2026-09-30 14:58:01 - INFO - Image  : https://rukminim2.flixcart.com/image/312/312/jfsknm80/tablet/y/q/b/apple-mr7k2hn-a-original-imaf46kgudc83mbr.jpeg?q=70
2026-09-30 14:58:01 - INFO - 
Product 2
2026-09-30 14:58:01 - INFO - Name   : 
2026-09-30 14:58:01 - INFO - Price  : 
2026-09-30 14:58:01 - INFO - Rating : 
2026-09-30 14:58:01 - INFO - URL    : https://www.flipkart.com/apple-ipad-6th-gen-32-gb-rom-9-7-inch-wi-fi-only-a10-fusion-chip-gold/p/itmf455ekgzbaen7?pid=TABF455ESJGJ3K7J&lid=LSTTABF455ESJGJ3K7JJR4GII&marketplace=FLIPKART&q=ipad&store=tyy%2Fhry&srno=s_1_2&otracker=search&otracker1=search&fm=Search&iid=98f973d3-799c-4b9a-8bab-c9a7fe0661fa.TABF455ESJGJ3K7J.SEARCH&ppt=sp&ppn=sp&ssid=pg5jdpvouo0000001790760476110&qH=09401fded433c347&ov_redirect=true
2026-09-30 14:58:01 - INFO - Image  : https://rukminim2.flixcart.com/image/312/312/jfsknm80/tablet/f/m/c/apple-mrjp2hn-a-original-imaf46khz8vftwnf.jpeg?q=70
2026-09-30 14:58:01 - INFO - 
Product 3
2026-09-30 14:58:01 - INFO - Name   : 
2026-09-30 14:58:01 - INFO - Price  : 
2026-09-30 14:58:01 - INFO - Rating : 
2026-09-30 14:58:01 - INFO - URL    : https://www.flipkart.com/apple-ipad-6th-gen-32-gb-rom-9-7-inch-wi-fi-only-a10-fusion-chip-space-grey/p/itmf455ethmxagzn?pid=TABF455EVUJEWUMZ&lid=LSTTABF455EVUJEWUMZJM4GIY&marketplace=FLIPKART&q=ipad&store=tyy%2Fhry&srno=s_1_3&otracker=search&otracker1=search&fm=Search&iid=98f973d3-799c-4b9a-8bab-c9a7fe0661fa.TABF455EVUJEWUMZ.SEARCH&ppt=sp&ppn=sp&ssid=pg5jdpvouo0000001790760476110&qH=09401fded433c347&ov_redirect=true
2026-09-30 14:58:01 - INFO - Image  : https://rukminim2.flixcart.com/image/312/312/jfsknm80/tablet/u/m/z/apple-mr7f2hn-a-original-imaf46kh3wvufeme.jpeg?q=70
2026-09-30 14:58:01 - INFO - 
Total products selected: 3
2026-09-30 14:58:01 - INFO - Get Products - ipad completed successfully.
2026-09-30 14:58:01 - INFO - Products extracted for ipad
2026-09-30 14:58:09 - INFO - Execution email sent.
2026-09-30 14:58:09 - INFO - Browser context closed.
2026-09-30 14:58:09 - INFO - Browser closed.
2026-09-30 14:58:09 - INFO - Playwright stopped.
2026-09-30 14:58:09 - ERROR - Automation failed
2026-09-30 14:58:09 - INFO - Flipkart Automation Completed
2026-09-30 15:05:06 - INFO - Flipkart Automation Started
2026-09-30 15:05:06 - INFO - BOT RUNNER STARTED
2026-09-30 15:05:12 - INFO - Trigger email sent.
2026-09-30 15:05:14 - INFO - Opening Flipkart...
2026-09-30 15:05:15 - INFO - Flipkart opened successfully
2026-09-30 15:05:15 - INFO - Logging into flipkart
2026-09-30 15:05:18 - INFO - Products found in Excel: 5
2026-09-30 15:05:18 - INFO - 
==================================================
2026-09-30 15:05:18 - INFO - Processing Product : Laptop
2026-09-30 15:05:18 - INFO - Maximum Price      : 40000
2026-09-30 15:05:18 - INFO - Customer Rating    : 3
2026-09-30 15:05:18 - INFO - ==================================================
2026-09-30 15:05:18 - INFO - Search Laptop - Attempt 1/3
2026-09-30 15:05:18 - INFO - Searching product: Laptop
2026-09-30 15:05:21 - INFO - Product entered: Laptop
2026-09-30 15:05:22 - INFO - Search clicked: Laptop
2026-09-30 15:05:25 - INFO - Search completed successfully: Laptop
2026-09-30 15:05:25 - INFO - Search Laptop completed successfully.
2026-09-30 15:05:25 - INFO - Price Filter - Attempt 1/3
2026-09-30 15:05:25 - INFO - Applying price filter: 40000
2026-09-30 15:05:25 - INFO - Price filter found.
2026-09-30 15:05:25 - INFO - Price dropdowns found: 2
2026-09-30 15:05:25 - INFO - Maximum price selected: 40000
2026-09-30 15:05:25 - INFO - Price Filter completed successfully.
2026-09-30 15:05:25 - INFO - Rating Filter - Attempt 1/3
2026-09-30 15:05:25 - INFO - Applying rating filter: 3
2026-09-30 15:05:25 - INFO - Customer Ratings filter found.
2026-09-30 15:05:25 - INFO - Rating filter selected: 3\u2605 & above
2026-09-30 15:05:25 - INFO - Rating checkbox checked: False
2026-09-30 15:05:27 - INFO - Rating filter applied successfully: 3\u2605 & above
2026-09-30 15:05:27 - INFO - Rating Filter completed successfully.
2026-09-30 15:05:27 - INFO - Get Products - Laptop - Attempt 1/3
2026-09-30 15:05:27 - INFO - Getting products...
2026-09-30 15:05:27 - INFO - 
Product 1
2026-09-30 15:05:27 - INFO - Name   : 
2026-09-30 15:05:27 - INFO - Price  : 
2026-09-30 15:05:27 - INFO - Rating : 
2026-09-30 15:05:27 - INFO - URL    : https://www.flipkart.com/lenovo-100e-chromebook-gen-4-mediatek-kompanio-520-4-gb-32-gb-emmc-storage-chrome-os/p/itm041aea27f1885?pid=COMHA9FK8YXVUUWA&lid=LSTCOMHA9FK8YXVUUWAAREQMZ&marketplace=FLIPKART&q=Laptop&store=6bo%2Fb5g&srno=s_1_1&otracker=search&otracker1=search&fm=Search&iid=85d2d871-26a2-4dc2-802c-a533fc6e71dd.COMHA9FK8YXVUUWA.SEARCH&ppt=sp&ppn=sp&ssid=xqxyroadtc0000001790760922954&qH=146bdebb324a64d3&ov_redirect=true
2026-09-30 15:05:27 - INFO - Image  : https://rukminim2.flixcart.com/image/312/312/xif0q/computer/c/g/4/-enriched-transparent-original-imahgfdyf6grkw9r.png?q=70
2026-09-30 15:05:27 - INFO - 
Product 2
2026-09-30 15:05:27 - INFO - Name   : 
2026-09-30 15:05:27 - INFO - Price  : 
2026-09-30 15:05:27 - INFO - Rating : 
2026-09-30 15:05:27 - INFO - URL    : https://www.flipkart.com/neopticon-intel-celeron-dual-core-n4020-4-gb-128-gb-ssd-windows-11-home-bbn40412814-laptop/p/itm8249747b82715?pid=COMHZK89YGZAHHZC&lid=LSTCOMHZK89YGZAHHZCZ44OFQ&marketplace=FLIPKART&q=Laptop&store=6bo%2Fb5g&srno=s_1_2&otracker=search&otracker1=search&fm=Search&iid=85d2d871-26a2-4dc2-802c-a533fc6e71dd.COMHZK89YGZAHHZC.SEARCH&ppt=sp&ppn=sp&ssid=xqxyroadtc0000001790760922954&qH=146bdebb324a64d3&ov_redirect=true
2026-09-30 15:05:27 - INFO - Image  : https://rukminim2.flixcart.com/image/312/312/xif0q/computer/x/j/d/bbn40412814-laptop-neopticon-original-imahzk89yvgd4spy.jpeg?q=70
2026-09-30 15:05:27 - INFO - 
Product 3
2026-09-30 15:05:27 - INFO - Name   : 
2026-09-30 15:05:27 - INFO - Price  : 
2026-09-30 15:05:27 - INFO - Rating : 
2026-09-30 15:05:27 - INFO - URL    : https://www.flipkart.com/acer-aspire-lite-metal-2026-amd-ryzen-3-quad-core-5400u-8-gb-512-gb-ssd-windows-11-home-al15-41-thin-light-laptop/p/itm1bc0bcb4598e7?pid=COMH2TPSM9V7V38F&lid=LSTCOMH2TPSM9V7V38F5SNKCO&marketplace=FLIPKART&q=Laptop&store=6bo%2Fb5g&srno=s_1_3&otracker=search&otracker1=search&fm=Search&iid=85d2d871-26a2-4dc2-802c-a533fc6e71dd.COMH2TPSM9V7V38F.SEARCH&ppt=sp&ppn=sp&ssid=xqxyroadtc0000001790760922954&qH=146bdebb324a64d3&ov_redirect=true
2026-09-30 15:05:27 - INFO - Image  : https://rukminim2.flixcart.com/image/312/312/xif0q/computer/b/k/d/-original-imahb2kbf2zdan3z.jpeg?q=70
2026-09-30 15:05:27 - INFO - 
Total products selected: 3
2026-09-30 15:05:27 - INFO - Get Products - Laptop completed successfully.
2026-09-30 15:05:27 - INFO - Products extracted for Laptop
2026-09-30 15:05:31 - INFO - 
==================================================
2026-09-30 15:05:31 - INFO - Processing Product : Phone
2026-09-30 15:05:31 - INFO - Maximum Price      : 20000
2026-09-30 15:05:31 - INFO - Customer Rating    : 4
2026-09-30 15:05:31 - INFO - ==================================================
2026-09-30 15:05:31 - INFO - Search Phone - Attempt 1/3
2026-09-30 15:05:31 - INFO - Searching product: Phone
2026-09-30 15:05:34 - INFO - Product entered: Phone
2026-09-30 15:05:34 - INFO - Search clicked: Phone
2026-09-30 15:05:37 - INFO - Search completed successfully: Phone
2026-09-30 15:05:37 - INFO - Search Phone completed successfully.
2026-09-30 15:05:37 - INFO - Price Filter - Attempt 1/3
2026-09-30 15:05:37 - INFO - Applying price filter: 20000
2026-09-30 15:05:37 - INFO - Price filter found.
2026-09-30 15:05:37 - INFO - Price dropdowns found: 2
2026-09-30 15:05:37 - INFO - Maximum price selected: 20000
2026-09-30 15:05:37 - INFO - Price Filter completed successfully.
2026-09-30 15:05:37 - INFO - Rating Filter - Attempt 1/3
2026-09-30 15:05:37 - INFO - Applying rating filter: 4
2026-09-30 15:05:37 - INFO - Customer Ratings filter found.
2026-09-30 15:05:47 - ERROR - Rating filter not found.
2026-09-30 15:05:47 - INFO - Rating Filter completed successfully.
2026-09-30 15:05:47 - INFO - Get Products - Phone - Attempt 1/3
2026-09-30 15:05:47 - INFO - Getting products...
2026-09-30 15:05:47 - INFO - 
Product 1
2026-09-30 15:05:47 - INFO - Name   : 
2026-09-30 15:05:47 - INFO - Price  : 
2026-09-30 15:05:47 - INFO - Rating : 
2026-09-30 15:05:47 - INFO - URL    : https://www.flipkart.com/tecno-spark-go-3-titanium-grey-64-gb/p/itma9c8f128a61c6?pid=MOBHP2QY7GH4XWWS&lid=LSTMOBHP2QY7GH4XWWSUZBT2N&marketplace=FLIPKART&q=Phone&store=tyy%2F4io&srno=s_1_1&otracker=search&otracker1=search&fm=Search&iid=en_KwQWtfHs1Bt7dMmSfmGE3gFx69gzsWW8YdAVs9H816Yel7Y4ZtP_EGCJty9hdgzUxuSl-jfu2FRRD3-px9HFb8sGNA1qIoJ6GHy8HsWZy1bgLDn5W8J5rfUVX8E6xfBs&ppt=sp&ppn=sp&ssid=tkw49gkdkw0000001790760934697&qH=bcc254b55c4a1bab&ov_redirect=true
2026-09-30 15:05:47 - INFO - Image  : https://rukminim2.flixcart.com/image/312/312/xif0q/mobile/t/u/g/-resized-original-imahpffgyxph2hbr.jpeg?q=70
2026-09-30 15:05:47 - INFO - 
Product 2
2026-09-30 15:05:47 - INFO - Name   : 
2026-09-30 15:05:47 - INFO - Price  : 
2026-09-30 15:05:47 - INFO - Rating : 
2026-09-30 15:05:47 - INFO - URL    : https://www.flipkart.com/nokia-105-classic-single-sim-keypad-phone-without-charger/p/itmfdb404ec1d0f4?pid=MOBGWZUWPTFTQZAH&lid=LSTMOBGWZUWPTFTQZAHSIXCDR&marketplace=FLIPKART&q=Phone&store=tyy%2F4io&spotlightTagId=default_BestsellerId_tyy%2F4io&srno=s_1_2&otracker=search&otracker1=search&fm=Search&iid=c31e3d36-78c4-49da-b7e7-4370485defd1.MOBGWZUWPTFTQZAH.SEARCH&ppt=sp&ppn=sp&ssid=tkw49gkdkw0000001790760934697&qH=bcc254b55c4a1bab&ov_redirect=true
2026-09-30 15:05:47 - INFO - Image  : https://rukminim2.flixcart.com/image/312/312/xif0q/mobile/p/o/i/105-single-sim-keypad-mobile-phone-with-wireless-fm-radio-nokia-resized-original-imah2xgc9z6cwcqv.jpeg?q=70
2026-09-30 15:05:47 - INFO - 
Product 3
2026-09-30 15:05:47 - INFO - Name   : 
2026-09-30 15:05:47 - INFO - Price  : 
2026-09-30 15:05:47 - INFO - Rating : 
2026-09-30 15:05:47 - INFO - URL    : https://www.flipkart.com/ai-nova-2-power-5g-golden-blue-fusion-128-gb/p/itm7b8c83184267c?pid=MOBHQZVX5NEK5NEY&lid=LSTMOBHQZVX5NEK5NEY31WRWI&marketplace=FLIPKART&q=Phone&store=tyy%2F4io&srno=s_1_3&otracker=search&otracker1=search&fm=Search&iid=c31e3d36-78c4-49da-b7e7-4370485defd1.MOBHQZVX5NEK5NEY.SEARCH&ppt=sp&ppn=sp&ssid=tkw49gkdkw0000001790760934697&qH=bcc254b55c4a1bab&ov_redirect=true
2026-09-30 15:05:47 - INFO - Image  : https://rukminim2.flixcart.com/image/312/312/xif0q/mobile/y/j/q/-original-imahrf3uqhwhfesh.jpeg?q=70
2026-09-30 15:05:47 - INFO - 
Total products selected: 3
2026-09-30 15:05:47 - INFO - Get Products - Phone completed successfully.
2026-09-30 15:05:47 - INFO - Products extracted for Phone
2026-09-30 15:05:51 - INFO - 
==================================================
2026-09-30 15:05:51 - INFO - Processing Product : Headphone
2026-09-30 15:05:51 - INFO - Maximum Price      : 2000
2026-09-30 15:05:51 - INFO - Customer Rating    : 3
2026-09-30 15:05:51 - INFO - ==================================================
2026-09-30 15:05:51 - INFO - Search Headphone - Attempt 1/3
2026-09-30 15:05:51 - INFO - Searching product: Headphone
2026-09-30 15:05:54 - INFO - Product entered: Headphone
2026-09-30 15:05:54 - INFO - Search clicked: Headphone
2026-09-30 15:05:57 - INFO - Search completed successfully: Headphone
2026-09-30 15:05:57 - INFO - Search Headphone completed successfully.
2026-09-30 15:05:57 - INFO - Price Filter - Attempt 1/3
2026-09-30 15:05:57 - INFO - Applying price filter: 2000
2026-09-30 15:05:57 - INFO - Price filter found.
2026-09-30 15:05:57 - INFO - Price dropdowns found: 2
2026-09-30 15:05:57 - INFO - Maximum price selected: 2000
2026-09-30 15:05:57 - INFO - Price Filter completed successfully.
2026-09-30 15:05:57 - INFO - Rating Filter - Attempt 1/3
2026-09-30 15:05:57 - INFO - Applying rating filter: 3
2026-09-30 15:05:57 - INFO - Customer Ratings filter found.
2026-09-30 15:05:58 - INFO - Rating filter selected: 3\u2605 & above
2026-09-30 15:05:58 - INFO - Rating checkbox checked: False
2026-09-30 15:06:00 - INFO - Rating filter applied successfully: 3\u2605 & above
2026-09-30 15:06:00 - INFO - Rating Filter completed successfully.
2026-09-30 15:06:00 - INFO - Get Products - Headphone - Attempt 1/3
2026-09-30 15:06:00 - INFO - Getting products...
2026-09-30 15:06:00 - INFO - 
Product 1
2026-09-30 15:06:00 - INFO - Name   : Mivi Duopods K2, 40Hrs PT, HD Call, Fast Charging, 50ms...
2026-09-30 15:06:00 - INFO - Price  : 
2026-09-30 15:06:00 - INFO - Rating : 
2026-09-30 15:06:00 - INFO - URL    : https://www.flipkart.com/mivi-duopods-k2-40hrs-pt-hd-call-fast-charging-50ms-latency-ipx4-voice-asst-5-3v-bluetooth/p/itm6e514d29fd947?pid=ACCGPFCN6ZKBF5MD&lid=LSTACCGPFCN6ZKBF5MDRNL8SQ&marketplace=FLIPKART&q=Headphone&store=0pm%2Ffcn&srno=s_1_1&otracker=search&otracker1=search&fm=Search&iid=en_AfYosIWhcw0pohK3WSf1sxsEZsGjKnZsFVd1SZ33nkIUuBr5LHpU-yjQI1LPaBrru4FzVfBnGVcIyAwcEnIqO-DknNyeusk8SJjq7Xwsgg9bvZdQ-jNdSK_CXUcqBcBn&ppt=sp&ppn=sp&ssid=2azvqfb72o0000001790760954644&qH=52f40b8ad1f6b467&ov_redirect=true&ov_redirect=true
2026-09-30 15:06:00 - INFO - Image  : https://rukminim2.flixcart.com/image/612/612/xif0q/headphone/l/q/s/-original-imahzv5q8zn5qvme.jpeg?q=70
2026-09-30 15:06:00 - INFO - 
Product 2
2026-09-30 15:06:00 - INFO - Name   : Aroma NB120 Amaze Upto 50 Hours Playtime*, Fast Chargin...
2026-09-30 15:06:00 - INFO - Price  : 
2026-09-30 15:06:00 - INFO - Rating : 
2026-09-30 15:06:00 - INFO - URL    : https://www.flipkart.com/aroma-nb120-amaze-upto-50-hours-playtime-fast-charging-dual-pairing-neckband-bluetooth/p/itmcaffc9be2871e?pid=ACCHDFNHMZWQABDN&lid=LSTACCHDFNHMZWQABDNHRENMC&marketplace=FLIPKART&q=Headphone&store=0pm%2Ffcn&srno=s_1_2&otracker=search&otracker1=search&fm=Search&iid=en_AfYosIWhcw0pohK3WSf1sxsEZsGjKnZsFVd1SZ33nkKYMwB9Sudxu8wEu856fL7a1NGz98QwQpm3GcMmcSfyUXxYhC_3Wet9bAX1NITAy4A8mpd8qQGlBICK3shTqsG_&ppt=sp&ppn=sp&ssid=2azvqfb72o0000001790760954644&qH=52f40b8ad1f6b467&ov_redirect=true&ov_redirect=true
2026-09-30 15:06:00 - INFO - Image  : https://rukminim2.flixcart.com/image/612/612/xif0q/headphone/u/x/9/nb120-amaze-upto-50-hours-playtime-fast-charging-dual-pairing-original-imahd8bgft3dndh2.jpeg?q=70
2026-09-30 15:06:00 - INFO - 
Product 3
2026-09-30 15:06:00 - INFO - Name   : PTron Studio w/ Dual-Device Pairing, 60Hrs Playtime, HD...
2026-09-30 15:06:00 - INFO - Price  : 
2026-09-30 15:06:00 - INFO - Rating : 
2026-09-30 15:06:00 - INFO - URL    : https://www.flipkart.com/ptron-studio-w-dual-device-pairing-60hrs-playtime-hd-mic-40mm-drivers-bt5-4-bluetooth/p/itm428418398f35e?pid=ACCHGBHAFCEAQGHZ&lid=LSTACCHGBHAFCEAQGHZNHOFGO&marketplace=FLIPKART&q=Headphone&store=0pm%2Ffcn&srno=s_1_3&otracker=search&otracker1=search&fm=Search&iid=508803cd-d8de-4a52-838d-0e8bad94361f.ACCHGBHAFCEAQGHZ.SEARCH&ppt=sp&ppn=sp&ssid=2azvqfb72o0000001790760954644&qH=52f40b8ad1f6b467&ov_redirect=true&ov_redirect=true
2026-09-30 15:06:00 - INFO - Image  : https://rukminim2.flixcart.com/image/612/612/xif0q/headphone/q/e/x/-enriched-transparent-original-imahg5yzggargbs7.png?q=70
2026-09-30 15:06:00 - INFO - 
Total products selected: 3
2026-09-30 15:06:00 - INFO - Get Products - Headphone completed successfully.
2026-09-30 15:06:00 - INFO - Products extracted for Headphone
2026-09-30 15:06:04 - INFO - 
==================================================
2026-09-30 15:06:04 - INFO - Processing Product : Speaker
2026-09-30 15:06:04 - INFO - Maximum Price      : 2000
2026-09-30 15:06:04 - INFO - Customer Rating    : 4
2026-09-30 15:06:04 - INFO - ==================================================
2026-09-30 15:06:04 - INFO - Search Speaker - Attempt 1/3
2026-09-30 15:06:04 - INFO - Searching product: Speaker
2026-09-30 15:06:07 - INFO - Product entered: Speaker
2026-09-30 15:06:07 - INFO - Search clicked: Speaker
2026-09-30 15:06:10 - INFO - Search completed successfully: Speaker
2026-09-30 15:06:10 - INFO - Search Speaker completed successfully.
2026-09-30 15:06:10 - INFO - Price Filter - Attempt 1/3
2026-09-30 15:06:10 - INFO - Applying price filter: 2000
2026-09-30 15:06:10 - INFO - Price filter found.
2026-09-30 15:06:10 - INFO - Price dropdowns found: 2
2026-09-30 15:06:10 - INFO - Maximum price selected: 2000
2026-09-30 15:06:10 - INFO - Price Filter completed successfully.
2026-09-30 15:06:10 - INFO - Rating Filter - Attempt 1/3
2026-09-30 15:06:10 - INFO - Applying rating filter: 4
2026-09-30 15:06:10 - INFO - Customer Ratings filter found.
2026-09-30 15:06:11 - INFO - Rating filter selected: 4\u2605 & above
2026-09-30 15:06:11 - INFO - Rating checkbox checked: False
2026-09-30 15:06:13 - INFO - Rating filter applied successfully: 4\u2605 & above
2026-09-30 15:06:13 - INFO - Rating Filter completed successfully.
2026-09-30 15:06:13 - INFO - Get Products - Speaker - Attempt 1/3
2026-09-30 15:06:13 - INFO - Getting products...
2026-09-30 15:06:13 - INFO - 
Product 1
2026-09-30 15:06:13 - INFO - Name   : boAt 2.0 150, RGB LEDs, 5 Hrs Battery, TWS Feature 16 W...
2026-09-30 15:06:13 - INFO - Price  : 
2026-09-30 15:06:13 - INFO - Rating : 
2026-09-30 15:06:13 - INFO - URL    : https://www.flipkart.com/boat-2-0-150-rgb-leds-5-hrs-battery-tws-feature-16-w-bluetooth-speaker/p/itm033fa467acb92?pid=ACCHBCGFFPWPUWCH&lid=LSTACCHBCGFFPWPUWCHI8RGQO&marketplace=FLIPKART&q=Speaker&store=0pm%2F0o7&srno=s_1_1&otracker=search&otracker1=search&fm=Search&iid=en_Yce0uB_rxoiXiYDKUqgEjFkij4_fT8Dm6UvZoSvJjKqMA0r5-zWtaXeSdrWHEkm8nxEUFmuN_Meu4IBrIHgH_1vROvndVvGXrIBk5xUaq4MZcEGCwZ_XwUs9mVx6SLf3&ppt=sp&ppn=sp&ssid=81y134efwg0000001790760967138&qH=22cc65fdfc4417d6&ov_redirect=true&ov_redirect=true
2026-09-30 15:06:13 - INFO - Image  : https://rukminim2.flixcart.com/image/612/612/xif0q/speaker/r/n/n/-original-imahezg4nm5qpjmb.jpeg?q=70
2026-09-30 15:06:13 - INFO - 
Product 2
2026-09-30 15:06:13 - INFO - Name   : boAt Bar 480/490, Free Music on , 7H Battery, Dual Full...
2026-09-30 15:06:13 - INFO - Price  : 
2026-09-30 15:06:13 - INFO - Rating : 
2026-09-30 15:06:13 - INFO - URL    : https://www.flipkart.com/boat-bar-480-490-free-music-7h-battery-dual-full-range-drivers-10-w-bluetooth-speaker/p/itm24daef7dae25e?pid=ACCGSXGTGJJ9X5ZU&lid=LSTACCGSXGTGJJ9X5ZUKXV3QA&marketplace=FLIPKART&q=Speaker&store=0pm%2F0o7&srno=s_1_2&otracker=search&otracker1=search&fm=Search&iid=en_Yce0uB_rxoiXiYDKUqgEjFkij4_fT8Dm6UvZoSvJjKrKww8guPBNMj7X0cBf1UuePaVBLqDgJphVCAOwpGm85FvROvndVvGXrIBk5xUaq4MZcEGCwZ_XwUs9mVx6SLf3&ppt=sp&ppn=sp&ssid=81y134efwg0000001790760967138&qH=22cc65fdfc4417d6&ov_redirect=true&ov_redirect=true
2026-09-30 15:06:13 - INFO - Image  : https://rukminim2.flixcart.com/image/612/612/xif0q/speaker/h/l/8/-original-imahfbghekvfgefm.jpeg?q=70
2026-09-30 15:06:13 - INFO - 
Product 3
2026-09-30 15:06:13 - INFO - Name   : ZEBRONICS ZEB-SOUND FEAST 40 (ZEB-PSPK 48) 8 W Bluetoot...
2026-09-30 15:06:13 - INFO - Price  : 
2026-09-30 15:06:13 - INFO - Rating : 
2026-09-30 15:06:13 - INFO - URL    : https://www.flipkart.com/zebronics-zeb-sound-feast-40-zeb-pspk-48-8-w-bluetooth-speaker/p/itm7d7517e20d1f3?pid=ACCH66X7D7TUY5V4&lid=LSTACCH66X7D7TUY5V4WLL2NN&marketplace=FLIPKART&q=Speaker&store=0pm%2F0o7&spotlightTagId=default_TrendingId_0pm%2F0o7&srno=s_1_3&otracker=search&otracker1=search&fm=Search&iid=7c8a7d63-9d3e-4855-8296-021680910d3c.ACCH66X7D7TUY5V4.SEARCH&ppt=sp&ppn=sp&ssid=81y134efwg0000001790760967138&qH=22cc65fdfc4417d6&ov_redirect=true&ov_redirect=true
2026-09-30 15:06:13 - INFO - Image  : https://rukminim2.flixcart.com/image/612/612/xif0q/speaker/laptop-desktop-speaker/w/8/h/zeb-sound-feast-40-zeb-pspk-48-zebronics-original-imah66x6nhjqgkfz.jpeg?q=70
2026-09-30 15:06:13 - INFO - 
Total products selected: 3
2026-09-30 15:06:13 - INFO - Get Products - Speaker completed successfully.
2026-09-30 15:06:13 - INFO - Products extracted for Speaker
2026-09-30 15:06:17 - INFO - 
==================================================
2026-09-30 15:06:17 - INFO - Processing Product : ipad
2026-09-30 15:06:17 - INFO - Maximum Price      : 25000
2026-09-30 15:06:17 - INFO - Customer Rating    : 3
2026-09-30 15:06:17 - INFO - ==================================================
2026-09-30 15:06:17 - INFO - Search ipad - Attempt 1/3
2026-09-30 15:06:17 - INFO - Searching product: ipad
2026-09-30 15:06:20 - INFO - Product entered: ipad
2026-09-30 15:06:20 - INFO - Search clicked: ipad
2026-09-30 15:06:23 - INFO - Search completed successfully: ipad
2026-09-30 15:06:23 - INFO - Search ipad completed successfully.
2026-09-30 15:06:23 - INFO - Price Filter - Attempt 1/3
2026-09-30 15:06:23 - INFO - Applying price filter: 25000
2026-09-30 15:06:23 - INFO - Price filter found.
2026-09-30 15:06:23 - INFO - Price dropdowns found: 2
2026-09-30 15:06:23 - INFO - Maximum price selected: 25000
2026-09-30 15:06:23 - INFO - Price Filter completed successfully.
2026-09-30 15:06:23 - INFO - Rating Filter - Attempt 1/3
2026-09-30 15:06:23 - INFO - Applying rating filter: 3
2026-09-30 15:06:23 - INFO - Customer Ratings filter found.
2026-09-30 15:06:23 - INFO - Rating filter selected: 3\u2605 & above
2026-09-30 15:06:23 - INFO - Rating checkbox checked: False
2026-09-30 15:06:25 - INFO - Rating filter applied successfully: 3\u2605 & above
2026-09-30 15:06:25 - INFO - Rating Filter completed successfully.
2026-09-30 15:06:25 - INFO - Get Products - ipad - Attempt 1/3
2026-09-30 15:06:25 - INFO - Getting products...
2026-09-30 15:06:25 - INFO - 
Product 1
2026-09-30 15:06:25 - INFO - Name   : 
2026-09-30 15:06:25 - INFO - Price  : 
2026-09-30 15:06:25 - INFO - Rating : 
2026-09-30 15:06:25 - INFO - URL    : https://www.flipkart.com/apple-ipad-6th-gen-32-gb-rom-9-7-inch-wi-fi-only-a10-fusion-chip-silver/p/itmf455ekgzbaen7?pid=TABF455EZRU2GTXZ&lid=LSTTABF455EZRU2GTXZWOI2FK&marketplace=FLIPKART&q=ipad&store=tyy%2Fhry&srno=s_1_1&otracker=search&otracker1=search&fm=Search&iid=09941700-628a-4b69-b9f3-30c310bd3587.TABF455EZRU2GTXZ.SEARCH&ppt=sp&ppn=sp&ssid=ucbuh3sqtc0000001790760980392&qH=09401fded433c347&ov_redirect=true
2026-09-30 15:06:25 - INFO - Image  : https://rukminim2.flixcart.com/image/312/312/jfsknm80/tablet/y/q/b/apple-mr7k2hn-a-original-imaf46kgudc83mbr.jpeg?q=70
2026-09-30 15:06:25 - INFO - 
Product 2
2026-09-30 15:06:25 - INFO - Name   : 
2026-09-30 15:06:25 - INFO - Price  : 
2026-09-30 15:06:25 - INFO - Rating : 
2026-09-30 15:06:25 - INFO - URL    : https://www.flipkart.com/apple-ipad-6th-gen-32-gb-rom-9-7-inch-wi-fi-only-a10-fusion-chip-gold/p/itmf455ekgzbaen7?pid=TABF455ESJGJ3K7J&lid=LSTTABF455ESJGJ3K7JJR4GII&marketplace=FLIPKART&q=ipad&store=tyy%2Fhry&srno=s_1_2&otracker=search&otracker1=search&fm=Search&iid=09941700-628a-4b69-b9f3-30c310bd3587.TABF455ESJGJ3K7J.SEARCH&ppt=sp&ppn=sp&ssid=ucbuh3sqtc0000001790760980392&qH=09401fded433c347&ov_redirect=true
2026-09-30 15:06:25 - INFO - Image  : https://rukminim2.flixcart.com/image/312/312/jfsknm80/tablet/f/m/c/apple-mrjp2hn-a-original-imaf46khz8vftwnf.jpeg?q=70
2026-09-30 15:06:25 - INFO - 
Product 3
2026-09-30 15:06:25 - INFO - Name   : 
2026-09-30 15:06:25 - INFO - Price  : 
2026-09-30 15:06:25 - INFO - Rating : 
2026-09-30 15:06:25 - INFO - URL    : https://www.flipkart.com/apple-ipad-6th-gen-32-gb-rom-9-7-inch-wi-fi-only-a10-fusion-chip-space-grey/p/itmf455ethmxagzn?pid=TABF455EVUJEWUMZ&lid=LSTTABF455EVUJEWUMZJM4GIY&marketplace=FLIPKART&q=ipad&store=tyy%2Fhry&srno=s_1_3&otracker=search&otracker1=search&fm=Search&iid=09941700-628a-4b69-b9f3-30c310bd3587.TABF455EVUJEWUMZ.SEARCH&ppt=sp&ppn=sp&ssid=ucbuh3sqtc0000001790760980392&qH=09401fded433c347&ov_redirect=true
2026-09-30 15:06:25 - INFO - Image  : https://rukminim2.flixcart.com/image/312/312/jfsknm80/tablet/u/m/z/apple-mr7f2hn-a-original-imaf46kh3wvufeme.jpeg?q=70
2026-09-30 15:06:25 - INFO - 
Total products selected: 3
2026-09-30 15:06:25 - INFO - Get Products - ipad completed successfully.
2026-09-30 15:06:25 - INFO - Products extracted for ipad
2026-09-30 15:06:33 - INFO - Execution email sent.
2026-09-30 15:06:33 - INFO - Browser context closed.
2026-09-30 15:06:33 - INFO - Browser closed.
2026-09-30 15:06:33 - INFO - Playwright stopped.
2026-09-30 15:06:33 - ERROR - Automation failed
2026-09-30 15:06:33 - INFO - Flipkart Automation Completed
2026-09-30 15:17:49 - INFO - Flipkart Automation Started
2026-09-30 15:17:49 - INFO - BOT RUNNER STARTED
2026-09-30 15:17:56 - INFO - Trigger email sent.
2026-09-30 15:17:56 - INFO - Opening Flipkart...
2026-09-30 15:17:59 - INFO - Flipkart opened successfully
2026-09-30 15:17:59 - INFO - Logging into flipkart
2026-09-30 15:18:02 - INFO - Products found in Excel: 5
2026-09-30 15:18:02 - INFO - 
==================================================
2026-09-30 15:18:02 - INFO - Processing Product : Laptop
2026-09-30 15:18:02 - INFO - Maximum Price      : 40000
2026-09-30 15:18:02 - INFO - Customer Rating    : 3
2026-09-30 15:18:02 - INFO - ==================================================
2026-09-30 15:18:02 - INFO - Search Laptop - Attempt 1/3
2026-09-30 15:18:02 - INFO - Searching product: Laptop
2026-09-30 15:18:05 - INFO - Product entered: Laptop
2026-09-30 15:18:05 - INFO - Search clicked: Laptop
2026-09-30 15:18:08 - INFO - Search completed successfully: Laptop
2026-09-30 15:18:08 - INFO - Search Laptop completed successfully.
2026-09-30 15:18:08 - INFO - Price Filter - Attempt 1/3
2026-09-30 15:18:08 - INFO - Applying price filter: 40000
2026-09-30 15:18:08 - INFO - Price filter found.
2026-09-30 15:18:08 - INFO - Price dropdowns found: 2
2026-09-30 15:18:08 - INFO - Maximum price selected: 40000
2026-09-30 15:18:08 - INFO - Price Filter completed successfully.
2026-09-30 15:18:08 - INFO - Rating Filter - Attempt 1/3
2026-09-30 15:18:08 - INFO - Applying rating filter: 3
2026-09-30 15:18:08 - INFO - Customer Ratings filter found.
2026-09-30 15:18:08 - INFO - Looking for rating option: 3\u2605 & above
2026-09-30 15:18:08 - INFO - Rating options are already visible.
2026-09-30 15:18:08 - INFO - Rating checkbox found: 3\u2605 & above
2026-09-30 15:18:08 - INFO - Current checkbox state: False
2026-09-30 15:18:09 - INFO - Rating option clicked: 3\u2605 & above
2026-09-30 15:18:10 - INFO - Rating filter applied successfully: 3\u2605 & above
2026-09-30 15:18:10 - INFO - Rating Filter completed successfully.
2026-09-30 15:18:10 - INFO - Get Products - Laptop - Attempt 1/3
2026-09-30 15:18:10 - INFO - Getting products...
2026-09-30 15:18:10 - INFO - 
Product 1
2026-09-30 15:18:10 - INFO - Name   : 
2026-09-30 15:18:10 - INFO - Price  : 
2026-09-30 15:18:10 - INFO - Rating : 
2026-09-30 15:18:10 - INFO - URL    : https://www.flipkart.com/lenovo-100e-chromebook-gen-4-mediatek-kompanio-520-4-gb-32-gb-emmc-storage-chrome-os/p/itm041aea27f1885?pid=COMHA9FK8YXVUUWA&lid=LSTCOMHA9FK8YXVUUWAAREQMZ&marketplace=FLIPKART&q=Laptop&store=6bo%2Fb5g&srno=s_1_1&otracker=search&otracker1=search&fm=Search&iid=22ae7fa6-5449-42a9-8502-cca7d1f029cd.COMHA9FK8YXVUUWA.SEARCH&ppt=sp&ppn=sp&ssid=mby72l4dvk0000001790761686177&qH=146bdebb324a64d3&ov_redirect=true
2026-09-30 15:18:10 - INFO - Image  : https://rukminim2.flixcart.com/image/312/312/xif0q/computer/c/g/4/-enriched-transparent-original-imahgfdyf6grkw9r.png?q=70
2026-09-30 15:18:10 - INFO - 
Product 2
2026-09-30 15:18:10 - INFO - Name   : 
2026-09-30 15:18:10 - INFO - Price  : 
2026-09-30 15:18:10 - INFO - Rating : 
2026-09-30 15:18:10 - INFO - URL    : https://www.flipkart.com/neopticon-intel-celeron-dual-core-n4020-4-gb-128-gb-ssd-windows-11-home-bbn40412814-laptop/p/itm8249747b82715?pid=COMHZK89YGZAHHZC&lid=LSTCOMHZK89YGZAHHZCZ44OFQ&marketplace=FLIPKART&q=Laptop&store=6bo%2Fb5g&srno=s_1_2&otracker=search&otracker1=search&fm=Search&iid=22ae7fa6-5449-42a9-8502-cca7d1f029cd.COMHZK89YGZAHHZC.SEARCH&ppt=sp&ppn=sp&ssid=mby72l4dvk0000001790761686177&qH=146bdebb324a64d3&ov_redirect=true
2026-09-30 15:18:10 - INFO - Image  : https://rukminim2.flixcart.com/image/312/312/xif0q/computer/x/j/d/bbn40412814-laptop-neopticon-original-imahzk89yvgd4spy.jpeg?q=70
2026-09-30 15:18:10 - INFO - 
Product 3
2026-09-30 15:18:10 - INFO - Name   : 
2026-09-30 15:18:10 - INFO - Price  : 
2026-09-30 15:18:10 - INFO - Rating : 
2026-09-30 15:18:10 - INFO - URL    : https://www.flipkart.com/acer-aspire-lite-metal-2026-amd-ryzen-3-quad-core-5400u-8-gb-512-gb-ssd-windows-11-home-al15-41-thin-light-laptop/p/itm1bc0bcb4598e7?pid=COMH2TPSM9V7V38F&lid=LSTCOMH2TPSM9V7V38F5SNKCO&marketplace=FLIPKART&q=Laptop&store=6bo%2Fb5g&srno=s_1_3&otracker=search&otracker1=search&fm=Search&iid=22ae7fa6-5449-42a9-8502-cca7d1f029cd.COMH2TPSM9V7V38F.SEARCH&ppt=sp&ppn=sp&ssid=mby72l4dvk0000001790761686177&qH=146bdebb324a64d3&ov_redirect=true
2026-09-30 15:18:10 - INFO - Image  : https://rukminim2.flixcart.com/image/312/312/xif0q/computer/b/k/d/-original-imahb2kbf2zdan3z.jpeg?q=70
2026-09-30 15:18:10 - INFO - 
Total products selected: 3
2026-09-30 15:18:10 - INFO - Get Products - Laptop completed successfully.
2026-09-30 15:18:10 - INFO - Products extracted for Laptop
2026-09-30 15:18:14 - INFO - 
==================================================
2026-09-30 15:18:14 - INFO - Processing Product : Phone
2026-09-30 15:18:14 - INFO - Maximum Price      : 20000
2026-09-30 15:18:14 - INFO - Customer Rating    : 4
2026-09-30 15:18:14 - INFO - ==================================================
2026-09-30 15:18:14 - INFO - Search Phone - Attempt 1/3
2026-09-30 15:18:14 - INFO - Searching product: Phone
2026-09-30 15:18:17 - INFO - Product entered: Phone
2026-09-30 15:18:17 - INFO - Search clicked: Phone
2026-09-30 15:18:20 - INFO - Search completed successfully: Phone
2026-09-30 15:18:20 - INFO - Search Phone completed successfully.
2026-09-30 15:18:20 - INFO - Price Filter - Attempt 1/3
2026-09-30 15:18:20 - INFO - Applying price filter: 20000
2026-09-30 15:18:20 - INFO - Price filter found.
2026-09-30 15:18:20 - INFO - Price dropdowns found: 2
2026-09-30 15:18:20 - INFO - Maximum price selected: 20000
2026-09-30 15:18:20 - INFO - Price Filter completed successfully.
2026-09-30 15:18:20 - INFO - Rating Filter - Attempt 1/3
2026-09-30 15:18:20 - INFO - Applying rating filter: 4
2026-09-30 15:18:20 - INFO - Customer Ratings filter found.
2026-09-30 15:18:20 - INFO - Looking for rating option: 4\u2605 & above
2026-09-30 15:18:22 - INFO - Rating options are collapsed. Clicking Customer Ratings.
2026-09-30 15:18:22 - INFO - Customer Ratings section clicked.
2026-09-30 15:18:22 - INFO - Rating options are now visible.
2026-09-30 15:18:22 - INFO - Rating checkbox found: 4\u2605 & above
2026-09-30 15:18:22 - INFO - Current checkbox state: False
2026-09-30 15:18:22 - INFO - Rating option clicked: 4\u2605 & above
2026-09-30 15:18:53 - ERROR - Customer Ratings section, rating option, or checkbox not found.
2026-09-30 15:18:53 - ERROR - Rating Filter failed on attempt 1/3: Locator.is_checked: Timeout 30000ms exceeded.
Call log:
  - waiting for locator("section.KNnSWQ").filter(has_text="Customer Ratings").first.locator("div[title=\"4\u2605 & above\"]").locator("input[type=\"checkbox\"]")

2026-09-30 15:18:55 - INFO - Rating Filter - Attempt 2/3
2026-09-30 15:18:55 - INFO - Applying rating filter: 4
2026-09-30 15:18:55 - INFO - Customer Ratings filter found.
2026-09-30 15:18:55 - INFO - Looking for rating option: 4\u2605 & above
2026-09-30 15:18:57 - INFO - Rating options are collapsed. Clicking Customer Ratings.
2026-09-30 15:18:57 - INFO - Customer Ratings section clicked.
2026-09-30 15:18:57 - INFO - Rating options are now visible.
2026-09-30 15:18:57 - INFO - Rating checkbox found: 4\u2605 & above
2026-09-30 15:18:57 - INFO - Current checkbox state: True
2026-09-30 15:18:57 - INFO - Rating already selected: 4\u2605 & above
2026-09-30 15:18:58 - INFO - Rating filter applied successfully: 4\u2605 & above
2026-09-30 15:18:58 - INFO - Rating Filter completed successfully.
2026-09-30 15:18:58 - INFO - Get Products - Phone - Attempt 1/3
2026-09-30 15:18:58 - INFO - Getting products...
2026-09-30 15:18:58 - INFO - 
Product 1
2026-09-30 15:18:58 - INFO - Name   : 
2026-09-30 15:18:58 - INFO - Price  : 
2026-09-30 15:18:58 - INFO - Rating : 
2026-09-30 15:18:58 - INFO - URL    : https://www.flipkart.com/tecno-spark-go-3-titanium-grey-64-gb/p/itma9c8f128a61c6?pid=MOBHP2QY7GH4XWWS&lid=LSTMOBHP2QY7GH4XWWSUZBT2N&marketplace=FLIPKART&q=Phone&store=tyy%2F4io&srno=s_1_1&otracker=search&otracker1=search&fm=Search&iid=en_qqqttr3kUqBUmDFEaKbcS_if5UB87ltFsrpuSUQd-VTlF1hpSnMJjGA9gOi5BUU2xuSl-jfu2FRRD3-px9HFb8sGNA1qIoJ6GHy8HsWZy1Z-QTZ1pCLayqgGonVpFnt-&ppt=sp&ppn=sp&ssid=dd4xcybjo00000001790761697217&qH=bcc254b55c4a1bab&ov_redirect=true
2026-09-30 15:18:58 - INFO - Image  : https://rukminim2.flixcart.com/image/312/312/xif0q/mobile/t/u/g/-resized-original-imahpffgyxph2hbr.jpeg?q=70
2026-09-30 15:18:58 - INFO - 
Product 2
2026-09-30 15:18:58 - INFO - Name   : 
2026-09-30 15:18:58 - INFO - Price  : 
2026-09-30 15:18:58 - INFO - Rating : 
2026-09-30 15:18:58 - INFO - URL    : https://www.flipkart.com/nokia-105-classic-single-sim-keypad-phone-without-charger/p/itmfdb404ec1d0f4?pid=MOBGWZUWPTFTQZAH&lid=LSTMOBGWZUWPTFTQZAHSIXCDR&marketplace=FLIPKART&q=Phone&store=tyy%2F4io&spotlightTagId=default_BestsellerId_tyy%2F4io&srno=s_1_2&otracker=search&otracker1=search&fm=Search&iid=0b2b2645-50dc-4675-98cb-c0203af4cb8a.MOBGWZUWPTFTQZAH.SEARCH&ppt=sp&ppn=sp&ssid=dd4xcybjo00000001790761697217&qH=bcc254b55c4a1bab&ov_redirect=true
2026-09-30 15:18:58 - INFO - Image  : https://rukminim2.flixcart.com/image/312/312/xif0q/mobile/p/o/i/105-single-sim-keypad-mobile-phone-with-wireless-fm-radio-nokia-resized-original-imah2xgc9z6cwcqv.jpeg?q=70
2026-09-30 15:18:58 - INFO - 
Product 3
2026-09-30 15:18:58 - INFO - Name   : 
2026-09-30 15:18:58 - INFO - Price  : 
2026-09-30 15:18:58 - INFO - Rating : 
2026-09-30 15:18:58 - INFO - URL    : https://www.flipkart.com/samsung-galaxy-f07-green-64-gb/p/itm294cbb65839e6?pid=MOBHMGHHXHYZEAVB&lid=LSTMOBHMGHHXHYZEAVBR68SR7&marketplace=FLIPKART&q=Phone&store=tyy%2F4io&spotlightTagId=default_BestsellerId_tyy%2F4io&srno=s_1_3&otracker=search&otracker1=search&fm=Search&iid=0b2b2645-50dc-4675-98cb-c0203af4cb8a.MOBHMGHHXHYZEAVB.SEARCH&ppt=sp&ppn=sp&ssid=dd4xcybjo00000001790761697217&qH=bcc254b55c4a1bab&ov_redirect=true
2026-09-30 15:18:58 - INFO - Image  : https://rukminim2.flixcart.com/image/312/312/xif0q/mobile/t/r/o/-original-imahjwcmjfzax5rj.jpeg?q=70
2026-09-30 15:18:58 - INFO - 
Total products selected: 3
2026-09-30 15:18:58 - INFO - Get Products - Phone completed successfully.
2026-09-30 15:18:58 - INFO - Products extracted for Phone
2026-09-30 15:19:02 - INFO - 
==================================================
2026-09-30 15:19:02 - INFO - Processing Product : Headphone
2026-09-30 15:19:02 - INFO - Maximum Price      : 2000
2026-09-30 15:19:02 - INFO - Customer Rating    : 3
2026-09-30 15:19:02 - INFO - ==================================================
2026-09-30 15:19:02 - INFO - Search Headphone - Attempt 1/3
2026-09-30 15:19:02 - INFO - Searching product: Headphone
2026-09-30 15:19:05 - INFO - Product entered: Headphone
2026-09-30 15:19:05 - INFO - Search clicked: Headphone
2026-09-30 15:19:08 - INFO - Search completed successfully: Headphone
2026-09-30 15:19:08 - INFO - Search Headphone completed successfully.
2026-09-30 15:19:08 - INFO - Price Filter - Attempt 1/3
2026-09-30 15:19:08 - INFO - Applying price filter: 2000
2026-09-30 15:19:08 - INFO - Price filter found.
2026-09-30 15:19:08 - INFO - Price dropdowns found: 2
2026-09-30 15:19:08 - INFO - Maximum price selected: 2000
2026-09-30 15:19:08 - INFO - Price Filter completed successfully.
2026-09-30 15:19:08 - INFO - Rating Filter - Attempt 1/3
2026-09-30 15:19:08 - INFO - Applying rating filter: 3
2026-09-30 15:19:08 - INFO - Customer Ratings filter found.
2026-09-30 15:19:08 - INFO - Looking for rating option: 3\u2605 & above
2026-09-30 15:19:08 - INFO - Rating options are already visible.
2026-09-30 15:19:08 - INFO - Rating checkbox found: 3\u2605 & above
2026-09-30 15:19:08 - INFO - Current checkbox state: False
2026-09-30 15:19:09 - INFO - Rating option clicked: 3\u2605 & above
2026-09-30 15:19:10 - INFO - Rating filter applied successfully: 3\u2605 & above
2026-09-30 15:19:10 - INFO - Rating Filter completed successfully.
2026-09-30 15:19:10 - INFO - Get Products - Headphone - Attempt 1/3
2026-09-30 15:19:10 - INFO - Getting products...
2026-09-30 15:19:10 - INFO - 
Product 1
2026-09-30 15:19:10 - INFO - Name   : Mivi Duopods K2, 40Hrs PT, HD Call, Fast Charging, 50ms...
2026-09-30 15:19:10 - INFO - Price  : 
2026-09-30 15:19:10 - INFO - Rating : 
2026-09-30 15:19:10 - INFO - URL    : https://www.flipkart.com/mivi-duopods-k2-40hrs-pt-hd-call-fast-charging-50ms-latency-ipx4-voice-asst-5-3v-bluetooth/p/itm6e514d29fd947?pid=ACCGPFCN6ZKBF5MD&lid=LSTACCGPFCN6ZKBF5MDRNL8SQ&marketplace=FLIPKART&q=Headphone&store=0pm%2Ffcn&srno=s_1_1&otracker=search&otracker1=search&fm=Search&iid=en_oIWDAQg1nOdW7dwjEsA1zxRVdV_c9q1-Klv5T64DpR5mzx19Zg0AQy4ysHXzT2NGu4FzVfBnGVcIyAwcEnIqO-DknNyeusk8SJjq7Xwsgg9G3M1pLr224zYhb7M_rjpi&ppt=sp&ppn=sp&ssid=eqzjrb6rao0000001790761745638&qH=52f40b8ad1f6b467&ov_redirect=true&ov_redirect=true
2026-09-30 15:19:10 - INFO - Image  : https://rukminim2.flixcart.com/image/612/612/xif0q/headphone/l/q/s/-original-imahzv5q8zn5qvme.jpeg?q=70
2026-09-30 15:19:10 - INFO - 
Product 2
2026-09-30 15:19:10 - INFO - Name   : Mivi Duopods B1 (Just Launched)45Hrs Playtime, AI ENC f...
2026-09-30 15:19:10 - INFO - Price  : 
2026-09-30 15:19:10 - INFO - Rating : 
2026-09-30 15:19:10 - INFO - URL    : https://www.flipkart.com/mivi-duopods-b1-just-launched-45hrs-playtime-ai-enc-hd-call-fast-charging-5-3-bluetooth/p/itmb88189abeb525?pid=ACCH8Z35ZAJSR9CU&lid=LSTACCH8Z35ZAJSR9CUDDHQNH&marketplace=FLIPKART&q=Headphone&store=0pm%2Ffcn&srno=s_1_2&otracker=search&otracker1=search&fm=Search&iid=en_oIWDAQg1nOdW7dwjEsA1zxRVdV_c9q1-Klv5T64DpR6x5vT6lLQ6cowmDUkZyrzrt5e0QG3SCgDqCuAB6E3foRX0_tRm_7tmC4YojvM_D21G3M1pLr224zYhb7M_rjpi&ppt=sp&ppn=sp&ssid=eqzjrb6rao0000001790761745638&qH=52f40b8ad1f6b467&ov_redirect=true&ov_redirect=true
2026-09-30 15:19:10 - INFO - Image  : https://rukminim2.flixcart.com/image/612/612/xif0q/headphone/k/k/r/-original-imaha9pgxwpfewtb.jpeg?q=70
2026-09-30 15:19:10 - INFO - 
Product 3
2026-09-30 15:19:10 - INFO - Name   : PTron Studio w/ Dual-Device Pairing, 60Hrs Playtime, HD...
2026-09-30 15:19:10 - INFO - Price  : 
2026-09-30 15:19:10 - INFO - Rating : 
2026-09-30 15:19:10 - INFO - URL    : https://www.flipkart.com/ptron-studio-w-dual-device-pairing-60hrs-playtime-hd-mic-40mm-drivers-bt5-4-bluetooth/p/itm428418398f35e?pid=ACCHGBHAFCEAQGHZ&lid=LSTACCHGBHAFCEAQGHZNHOFGO&marketplace=FLIPKART&q=Headphone&store=0pm%2Ffcn&srno=s_1_3&otracker=search&otracker1=search&fm=Search&iid=11826df1-b3e2-4988-a438-0c7aa6fdf39f.ACCHGBHAFCEAQGHZ.SEARCH&ppt=sp&ppn=sp&ssid=eqzjrb6rao0000001790761745638&qH=52f40b8ad1f6b467&ov_redirect=true&ov_redirect=true
2026-09-30 15:19:10 - INFO - Image  : https://rukminim2.flixcart.com/image/612/612/xif0q/headphone/q/e/x/-enriched-transparent-original-imahg5yzggargbs7.png?q=70
2026-09-30 15:19:10 - INFO - 
Total products selected: 3
2026-09-30 15:19:10 - INFO - Get Products - Headphone completed successfully.
2026-09-30 15:19:10 - INFO - Products extracted for Headphone
2026-09-30 15:19:14 - INFO - 
==================================================
2026-09-30 15:19:14 - INFO - Processing Product : Speaker
2026-09-30 15:19:14 - INFO - Maximum Price      : 2000
2026-09-30 15:19:14 - INFO - Customer Rating    : 4
2026-09-30 15:19:14 - INFO - ==================================================
2026-09-30 15:19:14 - INFO - Search Speaker - Attempt 1/3
2026-09-30 15:19:14 - INFO - Searching product: Speaker
2026-09-30 15:19:17 - INFO - Product entered: Speaker
2026-09-30 15:19:17 - INFO - Search clicked: Speaker
2026-09-30 15:19:20 - INFO - Search completed successfully: Speaker
2026-09-30 15:19:20 - INFO - Search Speaker completed successfully.
2026-09-30 15:19:20 - INFO - Price Filter - Attempt 1/3
2026-09-30 15:19:20 - INFO - Applying price filter: 2000
2026-09-30 15:19:20 - INFO - Price filter found.
2026-09-30 15:19:20 - INFO - Price dropdowns found: 2
2026-09-30 15:19:20 - INFO - Maximum price selected: 2000
2026-09-30 15:19:20 - INFO - Price Filter completed successfully.
2026-09-30 15:19:20 - INFO - Rating Filter - Attempt 1/3
2026-09-30 15:19:20 - INFO - Applying rating filter: 4
2026-09-30 15:19:20 - INFO - Customer Ratings filter found.
2026-09-30 15:19:20 - INFO - Looking for rating option: 4\u2605 & above
2026-09-30 15:19:20 - INFO - Rating options are already visible.
2026-09-30 15:19:20 - INFO - Rating checkbox found: 4\u2605 & above
2026-09-30 15:19:20 - INFO - Current checkbox state: False
2026-09-30 15:19:21 - INFO - Rating option clicked: 4\u2605 & above
2026-09-30 15:19:22 - INFO - Rating filter applied successfully: 4\u2605 & above
2026-09-30 15:19:22 - INFO - Rating Filter completed successfully.
2026-09-30 15:19:22 - INFO - Get Products - Speaker - Attempt 1/3
2026-09-30 15:19:22 - INFO - Getting products...
2026-09-30 15:19:22 - INFO - 
Product 1
2026-09-30 15:19:22 - INFO - Name   : boAt Stone 350 Type-c Charging 10 W Bluetooth Speaker
2026-09-30 15:19:22 - INFO - Price  : 
2026-09-30 15:19:22 - INFO - Rating : 
2026-09-30 15:19:22 - INFO - URL    : https://www.flipkart.com/boat-stone-350-type-c-charging-10-w-bluetooth-speaker/p/itm59a5a4d6a772a?pid=ACCGNX7YPSR2VGBU&lid=LSTACCGNX7YPSR2VGBUOBQWOG&marketplace=FLIPKART&q=Speaker&store=0pm%2F0o7&srno=s_1_1&otracker=search&otracker1=search&fm=Search&iid=en_kWZR1H1nJrFwuvTcCaBf_kC6nWiCtuT17lqEZd8UX8m5WO47CXY7_5I3FcblTkXlAgPOrM3RHXDyVBXxndq6GUB6nxh0DLD5xOKWEM1c11zRuTKLqiENm7g6UJLgUQif&ppt=sp&ppn=sp&ssid=gelcon6v680000001790761757271&qH=22cc65fdfc4417d6&ov_redirect=true&ov_redirect=true
2026-09-30 15:19:22 - INFO - Image  : https://rukminim2.flixcart.com/image/612/612/xif0q/speaker/u/f/i/-original-imahqcnyabcqhegg.jpeg?q=70
2026-09-30 15:19:22 - INFO - 
Product 2
2026-09-30 15:19:22 - INFO - Name   : boAt Stone 310, 16 Hrs Playback, 45mm Drivers, TWS Conn...
2026-09-30 15:19:22 - INFO - Price  : 
2026-09-30 15:19:22 - INFO - Rating : 
2026-09-30 15:19:22 - INFO - URL    : https://www.flipkart.com/boat-stone-310-16-hrs-playback-45mm-drivers-tws-connectivity-5-w-bluetooth-speaker/p/itmd525dece0e1e7?pid=ACCHBCGFWVMYH9HK&lid=LSTACCHBCGFWVMYH9HKGPXYRP&marketplace=FLIPKART&q=Speaker&store=0pm%2F0o7&srno=s_1_2&otracker=search&otracker1=search&fm=Search&iid=en_kWZR1H1nJrFwuvTcCaBf_kC6nWiCtuT17lqEZd8UX8nyru-IzOB6f8KqNAqBj92U2zqeHrlTHEmX7vpZpwFohj5qKpsmcA-Nq479EMZ1EWjRuTKLqiENm7g6UJLgUQif&ppt=sp&ppn=sp&ssid=gelcon6v680000001790761757271&qH=22cc65fdfc4417d6&ov_redirect=true&ov_redirect=true
2026-09-30 15:19:22 - INFO - Image  : https://rukminim2.flixcart.com/image/612/612/xif0q/speaker/6/v/z/-enriched-transparent-original-imahgf2yhph5suzs.png?q=70
2026-09-30 15:19:22 - INFO - 
Product 3
2026-09-30 15:19:22 - INFO - Name   : ZEBRONICS ZEB-SOUND FEAST 40 (ZEB-PSPK 48) 8 W Bluetoot...
2026-09-30 15:19:22 - INFO - Price  : 
2026-09-30 15:19:22 - INFO - Rating : 
2026-09-30 15:19:22 - INFO - URL    : https://www.flipkart.com/zebronics-zeb-sound-feast-40-zeb-pspk-48-8-w-bluetooth-speaker/p/itm7d7517e20d1f3?pid=ACCH66X7D7TUY5V4&lid=LSTACCH66X7D7TUY5V4WLL2NN&marketplace=FLIPKART&q=Speaker&store=0pm%2F0o7&spotlightTagId=default_TrendingId_0pm%2F0o7&srno=s_1_3&otracker=search&otracker1=search&fm=Search&iid=acdd049b-f942-4dcd-8b19-133dd7cf216d.ACCH66X7D7TUY5V4.SEARCH&ppt=sp&ppn=sp&ssid=gelcon6v680000001790761757271&qH=22cc65fdfc4417d6&ov_redirect=true&ov_redirect=true
2026-09-30 15:19:22 - INFO - Image  : https://rukminim2.flixcart.com/image/612/612/xif0q/speaker/laptop-desktop-speaker/w/8/h/zeb-sound-feast-40-zeb-pspk-48-zebronics-original-imah66x6nhjqgkfz.jpeg?q=70
2026-09-30 15:19:22 - INFO - 
Total products selected: 3
2026-09-30 15:19:22 - INFO - Get Products - Speaker completed successfully.
2026-09-30 15:19:22 - INFO - Products extracted for Speaker
2026-09-30 15:19:26 - INFO - 
==================================================
2026-09-30 15:19:26 - INFO - Processing Product : ipad
2026-09-30 15:19:26 - INFO - Maximum Price      : 30000
2026-09-30 15:19:26 - INFO - Customer Rating    : 3
2026-09-30 15:19:26 - INFO - ==================================================
2026-09-30 15:19:26 - INFO - Search ipad - Attempt 1/3
2026-09-30 15:19:26 - INFO - Searching product: ipad
2026-09-30 15:19:29 - INFO - Product entered: ipad
2026-09-30 15:19:29 - INFO - Search clicked: ipad
2026-09-30 15:19:32 - INFO - Search completed successfully: ipad
2026-09-30 15:19:32 - INFO - Search ipad completed successfully.
2026-09-30 15:19:32 - INFO - Price Filter - Attempt 1/3
2026-09-30 15:19:32 - INFO - Applying price filter: 30000
2026-09-30 15:19:32 - INFO - Price filter found.
2026-09-30 15:19:32 - INFO - Price dropdowns found: 2
2026-09-30 15:19:32 - INFO - Maximum price selected: 30000
2026-09-30 15:19:32 - INFO - Price Filter completed successfully.
2026-09-30 15:19:32 - INFO - Rating Filter - Attempt 1/3
2026-09-30 15:19:32 - INFO - Applying rating filter: 3
2026-09-30 15:19:32 - INFO - Customer Ratings filter found.
2026-09-30 15:19:32 - INFO - Looking for rating option: 3\u2605 & above
2026-09-30 15:19:32 - INFO - Rating options are already visible.
2026-09-30 15:19:32 - INFO - Rating checkbox found: 3\u2605 & above
2026-09-30 15:19:32 - INFO - Current checkbox state: False
2026-09-30 15:19:32 - INFO - Rating option clicked: 3\u2605 & above
2026-09-30 15:19:33 - INFO - Rating filter applied successfully: 3\u2605 & above
2026-09-30 15:19:33 - INFO - Rating Filter completed successfully.
2026-09-30 15:19:33 - INFO - Get Products - ipad - Attempt 1/3
2026-09-30 15:19:33 - INFO - Getting products...
2026-09-30 15:19:33 - INFO - 
Product 1
2026-09-30 15:19:33 - INFO - Name   : 
2026-09-30 15:19:33 - INFO - Price  : 
2026-09-30 15:19:33 - INFO - Rating : 
2026-09-30 15:19:33 - INFO - URL    : https://www.flipkart.com/apple-ipad-10th-gen-64-gb-rom-10-9-inch-wi-fi-only-gaming-a14-bionic-chip-pink/p/itmaf20456d05879?pid=TABGJ6XUSFTPNTKH&lid=LSTTABGJ6XUSFTPNTKHITLWPF&marketplace=FLIPKART&q=ipad&store=tyy%2Fhry&srno=s_1_1&otracker=search&otracker1=search&fm=Search&iid=a9feb33c-99c3-47aa-a722-97c503e1556b.TABGJ6XUSFTPNTKH.SEARCH&ppt=sp&ppn=sp&ssid=av93ujeunk0000001790761769308&qH=09401fded433c347&ov_redirect=true
2026-09-30 15:19:33 - INFO - Image  : https://rukminim2.flixcart.com/image/312/312/xif0q/tablet/h/b/l/-enriched-transparent-original-imagj72vgvcavh98.png?q=70
2026-09-30 15:19:33 - INFO - 
Product 2
2026-09-30 15:19:33 - INFO - Name   : 
2026-09-30 15:19:33 - INFO - Price  : 
2026-09-30 15:19:33 - INFO - Rating : 
2026-09-30 15:19:33 - INFO - URL    : https://www.flipkart.com/apple-ipad-10th-gen-64-gb-rom-10-9-inch-wi-fi-only-gaming-a14-bionic-chip-yellow/p/itmf1a64e377c0c0?pid=TABGJ6XUVMSWMHFX&lid=LSTTABGJ6XUVMSWMHFXAQHZVQ&marketplace=FLIPKART&q=ipad&store=tyy%2Fhry&srno=s_1_2&otracker=search&otracker1=search&fm=Search&iid=a9feb33c-99c3-47aa-a722-97c503e1556b.TABGJ6XUVMSWMHFX.SEARCH&ppt=sp&ppn=sp&ssid=av93ujeunk0000001790761769308&qH=09401fded433c347&ov_redirect=true
2026-09-30 15:19:33 - INFO - Image  : https://rukminim2.flixcart.com/image/312/312/xif0q/tablet/a/x/v/-original-imagj72tu9qfjzrm.jpeg?q=70
2026-09-30 15:19:33 - INFO - 
Product 3
2026-09-30 15:19:33 - INFO - Name   : 
2026-09-30 15:19:33 - INFO - Price  : 
2026-09-30 15:19:33 - INFO - Rating : 
2026-09-30 15:19:33 - INFO - URL    : https://www.flipkart.com/apple-ipad-2-gb-ram-32-rom-11-inch-wi-fi-only-a9-chip-64-bit-architecture-embedded-m9-co-processor-space-grey/p/itmespzmeutdxung?pid=TABESPZMM7PE2W4Y&lid=LSTTABESPZMM7PE2W4YYZLBJT&marketplace=FLIPKART&q=ipad&store=tyy%2Fhry&srno=s_1_3&otracker=search&otracker1=search&fm=Search&iid=a9feb33c-99c3-47aa-a722-97c503e1556b.TABESPZMM7PE2W4Y.SEARCH&ppt=sp&ppn=sp&ssid=av93ujeunk0000001790761769308&qH=09401fded433c347&ov_redirect=true
2026-09-30 15:19:33 - INFO - Image  : https://rukminim2.flixcart.com/image/312/312/j12gakw0-1/tablet/w/4/y/apple-mp2f2hn-a-original-imaesqd4d9y6cher.jpeg?q=70
2026-09-30 15:19:33 - INFO - 
Total products selected: 3
2026-09-30 15:19:33 - INFO - Get Products - ipad completed successfully.
2026-09-30 15:19:33 - INFO - Products extracted for ipad
2026-09-30 15:19:41 - INFO - Execution email sent.
2026-09-30 15:19:41 - INFO - Browser context closed.
2026-09-30 15:19:42 - INFO - Browser closed.
2026-09-30 15:19:42 - INFO - Playwright stopped.
2026-09-30 15:19:42 - ERROR - Automation failed
2026-09-30 15:19:42 - INFO - Flipkart Automation Completed
2026-09-30 15:26:00 - INFO - Flipkart Automation Started
2026-09-30 15:26:00 - INFO - BOT RUNNER STARTED
2026-09-30 15:26:06 - INFO - Trigger email sent.
2026-09-30 15:26:06 - INFO - Opening Flipkart...
2026-09-30 15:26:08 - INFO - Flipkart opened successfully
2026-09-30 15:26:08 - INFO - Logging into flipkart
2026-09-30 15:26:11 - INFO - Products found in Excel: 4
2026-09-30 15:26:11 - INFO - 
==================================================
2026-09-30 15:26:11 - INFO - Processing Product : Laptop
2026-09-30 15:26:11 - INFO - Maximum Price      : 40000
2026-09-30 15:26:11 - INFO - Customer Rating    : 3
2026-09-30 15:26:11 - INFO - ==================================================
2026-09-30 15:26:11 - INFO - Search Laptop - Attempt 1/3
2026-09-30 15:26:11 - INFO - Searching product: Laptop
2026-09-30 15:26:14 - INFO - Product entered: Laptop
2026-09-30 15:26:25 - INFO - Search clicked: Laptop
2026-09-30 15:26:26 - ERROR - Search failed
2026-09-30 15:26:26 - ERROR - Failed to capture screenshot: Page.screenshot: Target page, context or browser has been closed
2026-09-30 15:26:26 - INFO - Failure screenshot: None
2026-09-30 15:26:26 - ERROR - Search Laptop failed on attempt 1/3: Page.wait_for_timeout: Target page, context or browser has been closed
2026-09-30 15:26:28 - INFO - Search Laptop - Attempt 2/3
2026-09-30 15:26:28 - INFO - Searching product: Laptop
2026-09-30 15:26:28 - ERROR - Search failed
2026-09-30 15:26:28 - ERROR - Failed to capture screenshot: Page.screenshot: Target page, context or browser has been closed
2026-09-30 15:26:28 - INFO - Failure screenshot: None
2026-09-30 15:26:28 - ERROR - Search Laptop failed on attempt 2/3: Locator.wait_for: Target page, context or browser has been closed
2026-09-30 15:26:30 - INFO - Search Laptop - Attempt 3/3
2026-09-30 15:26:30 - INFO - Searching product: Laptop
2026-09-30 15:26:30 - ERROR - Search failed
2026-09-30 15:26:30 - ERROR - Failed to capture screenshot: Page.screenshot: Target page, context or browser has been closed
2026-09-30 15:26:30 - INFO - Failure screenshot: None
2026-09-30 15:26:30 - ERROR - Search Laptop failed on attempt 3/3: Locator.wait_for: Target page, context or browser has been closed
2026-09-30 15:26:30 - ERROR - Search Laptop failed after 3 attempts.
2026-09-30 15:26:30 - WARNING - Product processing failed: Locator.wait_for: Target page, context or browser has been closed
2026-09-30 15:26:30 - ERROR - Automation failed: send_exception_email() got an unexpected keyword argument 'subject'
Traceback (most recent call last):
  File "C:\Users\Admin\OneDrive - StayAhead\Documents\Demo_Sruthy\flipkart_automation\modules\bot_runner.py", line 129, in run_bot
    await retry_async(
    ...<4 lines>...
    )
  File "C:\Users\Admin\OneDrive - StayAhead\Documents\Demo_Sruthy\flipkart_automation\modules\retry.py", line 26, in retry_async
    result = await function(*args)
             ^^^^^^^^^^^^^^^^^^^^^
  File "C:\Users\Admin\OneDrive - StayAhead\Documents\Demo_Sruthy\flipkart_automation\modules\flipkart_actions.py", line 19, in search_product
    await search_box.wait_for(
    ...<2 lines>...
    )
  File "C:\Users\Admin\OneDrive - StayAhead\Documents\Demo_Sruthy\flipkart_automation\flipkart_env\Lib\site-packages\playwright\async_api\_generated.py", line 20672, in wait_for
    await self._impl_obj.wait_for(timeout=to_milliseconds(timeout), state=state)
  File "C:\Users\Admin\OneDrive - StayAhead\Documents\Demo_Sruthy\flipkart_automation\flipkart_env\Lib\site-packages\playwright\_impl\_locator.py", line 752, in wait_for
    await self._frame.wait_for_selector(
        self._selector, strict=True, timeout=timeout, state=state
    )
  File "C:\Users\Admin\OneDrive - StayAhead\Documents\Demo_Sruthy\flipkart_automation\flipkart_env\Lib\site-packages\playwright\_impl\_frame.py", line 395, in wait_for_selector
    await self._channel.send(
        "waitForSelector", self._timeout, locals_to_params(locals())
    )
  File "C:\Users\Admin\OneDrive - StayAhead\Documents\Demo_Sruthy\flipkart_automation\flipkart_env\Lib\site-packages\playwright\_impl\_connection.py", line 76, in send
    return await self._connection.wrap_api_call(
           ^^^^^^^^^^^^^^^^^^^^^^^^^^^^^^^^^^^^^
    ...<3 lines>...
    )
    ^
  File "C:\Users\Admin\OneDrive - StayAhead\Documents\Demo_Sruthy\flipkart_automation\flipkart_env\Lib\site-packages\playwright\_impl\_connection.py", line 632, in wrap_api_call
    raise rewrite_error(error, f"{parsed_st['apiName']}: {error}") from None
playwright._impl._errors.TargetClosedError: Locator.wait_for: Target page, context or browser has been closed

During handling of the above exception, another exception occurred:

Traceback (most recent call last):
  File "C:\Users\Admin\OneDrive - StayAhead\Documents\Demo_Sruthy\flipkart_automation\modules\bot_runner.py", line 210, in run_bot
    send_exception_email(
    ~~~~~~~~~~~~~~~~~~~~^
            exception=e,
            ^^^^^^^^^^^^
            start_time=start_time,
            ^^^^^^^^^^^^^^^^^^^^^^
            bot_name="Flipkart Automation"
            ^^^^^^^^^^^^^^^^^^^^^^^^^^^^^^
    )
    ^
  File "C:\Users\Admin\OneDrive - StayAhead\Documents\Demo_Sruthy\flipkart_automation\modules\email_sender.py", line 413, in send_exception_email
    send_exception_email(
    ~~~~~~~~~~~~~~~~~~~~^
        subject="\U0001f534 Flipkart Automation - Exception Occurred",
        ^^^^^^^^^^^^^^^^^^^^^^^^^^^^^^^^^^^^^^^^^^^^^^^^^^^^^^
        html_body=html_body
        ^^^^^^^^^^^^^^^^^^^
    )
    ^
TypeError: send_exception_email() got an unexpected keyword argument 'subject'
2026-09-30 15:26:30 - INFO - Browser context closed.
2026-09-30 15:26:30 - INFO - Browser closed.
2026-09-30 15:26:30 - INFO - Playwright stopped.
2026-09-30 15:26:30 - ERROR - Automation failed
2026-09-30 15:26:30 - INFO - Flipkart Automation Completed
2026-09-30 15:26:33 - INFO - Flipkart Automation Started
2026-09-30 15:26:33 - INFO - BOT RUNNER STARTED
2026-09-30 15:26:38 - INFO - Trigger email sent.
2026-09-30 15:26:38 - INFO - Opening Flipkart...
2026-09-30 15:26:39 - INFO - Flipkart opened successfully
2026-09-30 15:26:39 - INFO - Logging into flipkart
2026-09-30 15:26:41 - INFO - Continue button clicked.
2026-09-30 15:27:01 - INFO - OTP Continue button clicked.
2026-09-30 15:27:04 - INFO - Products found in Excel: 4
2026-09-30 15:27:04 - INFO - 
==================================================
2026-09-30 15:27:04 - INFO - Processing Product : Laptop
2026-09-30 15:27:04 - INFO - Maximum Price      : 40000
2026-09-30 15:27:04 - INFO - Customer Rating    : 3
2026-09-30 15:27:04 - INFO - ==================================================
2026-09-30 15:27:04 - INFO - Search Laptop - Attempt 1/3
2026-09-30 15:27:04 - INFO - Searching product: Laptop
2026-09-30 15:27:07 - INFO - Product entered: Laptop
2026-09-30 15:27:07 - INFO - Search clicked: Laptop
2026-09-30 15:27:10 - INFO - Search completed successfully: Laptop
2026-09-30 15:27:10 - INFO - Search Laptop completed successfully.
2026-09-30 15:27:10 - INFO - Price Filter - Attempt 1/3
2026-09-30 15:27:10 - INFO - Applying price filter: 40000
2026-09-30 15:27:10 - INFO - Price filter found.
2026-09-30 15:27:10 - INFO - Price dropdowns found: 2
2026-09-30 15:27:10 - INFO - Maximum price selected: 40000
2026-09-30 15:27:10 - INFO - Price Filter completed successfully.
2026-09-30 15:27:10 - INFO - Rating Filter - Attempt 1/3
2026-09-30 15:27:10 - INFO - Applying rating filter: 3
2026-09-30 15:27:10 - INFO - Customer Ratings filter found.
2026-09-30 15:27:10 - INFO - Looking for rating option: 3\u2605 & above
2026-09-30 15:27:10 - INFO - Rating options are already visible.
2026-09-30 15:27:10 - INFO - Rating checkbox found: 3\u2605 & above
2026-09-30 15:27:10 - INFO - Current checkbox state: False
2026-09-30 15:27:14 - INFO - Rating option clicked: 3\u2605 & above
2026-09-30 15:27:15 - INFO - Rating filter applied successfully: 3\u2605 & above
2026-09-30 15:27:15 - INFO - Rating Filter completed successfully.
2026-09-30 15:27:15 - INFO - Get Products - Laptop - Attempt 1/3
2026-09-30 15:27:15 - INFO - Getting products...
2026-09-30 15:27:15 - INFO - 
Product 1
2026-09-30 15:27:15 - INFO - Name   : 
2026-09-30 15:27:15 - INFO - Price  : 
2026-09-30 15:27:15 - INFO - Rating : 
2026-09-30 15:27:15 - INFO - URL    : https://www.flipkart.com/neopticon-intel-celeron-dual-core-n4020-4-gb-128-gb-ssd-windows-11-home-bbn40412814-laptop/p/itm8249747b82715?pid=COMHZK89YGZAHHZC&lid=LSTCOMHZK89YGZAHHZCZ44OFQ&marketplace=FLIPKART&q=Laptop&store=6bo%2Fb5g&srno=s_1_1&otracker=search&otracker1=search&fm=Search&iid=0e723137-5857-4ee1-868d-dee05dcf189f.COMHZK89YGZAHHZC.SEARCH&ppt=sp&ppn=sp&ssid=gz486o1e340000001790762228284&qH=146bdebb324a64d3&ov_redirect=true
2026-09-30 15:27:15 - INFO - Image  : https://rukminim2.flixcart.com/image/312/312/xif0q/computer/x/j/d/bbn40412814-laptop-neopticon-original-imahzk89yvgd4spy.jpeg?q=70
2026-09-30 15:27:15 - INFO - 
Product 2
2026-09-30 15:27:15 - INFO - Name   : 
2026-09-30 15:27:15 - INFO - Price  : 
2026-09-30 15:27:15 - INFO - Rating : 
2026-09-30 15:27:15 - INFO - URL    : https://www.flipkart.com/acer-aspire-lite-metal-2026-amd-ryzen-3-quad-core-5400u-8-gb-512-gb-ssd-windows-11-home-al15-41-thin-light-laptop/p/itm1bc0bcb4598e7?pid=COMH2TPSM9V7V38F&lid=LSTCOMH2TPSM9V7V38F5SNKCO&marketplace=FLIPKART&q=Laptop&store=6bo%2Fb5g&srno=s_1_2&otracker=search&otracker1=search&fm=Search&iid=0e723137-5857-4ee1-868d-dee05dcf189f.COMH2TPSM9V7V38F.SEARCH&ppt=sp&ppn=sp&ssid=gz486o1e340000001790762228284&qH=146bdebb324a64d3&ov_redirect=true
2026-09-30 15:27:15 - INFO - Image  : https://rukminim2.flixcart.com/image/312/312/xif0q/computer/b/k/d/-original-imahb2kbf2zdan3z.jpeg?q=70
2026-09-30 15:27:15 - INFO - 
Product 3
2026-09-30 15:27:15 - INFO - Name   : 
2026-09-30 15:27:15 - INFO - Price  : 
2026-09-30 15:27:15 - INFO - Rating : 
2026-09-30 15:27:15 - INFO - URL    : https://www.flipkart.com/lenovo-100e-chromebook-gen-4-mediatek-kompanio-520-4-gb-32-gb-emmc-storage-chrome-os/p/itm041aea27f1885?pid=COMHA9FK8YXVUUWA&lid=LSTCOMHA9FK8YXVUUWAAREQMZ&marketplace=FLIPKART&q=Laptop&store=6bo%2Fb5g&srno=s_1_3&otracker=search&otracker1=search&fm=Search&iid=0e723137-5857-4ee1-868d-dee05dcf189f.COMHA9FK8YXVUUWA.SEARCH&ppt=sp&ppn=sp&ssid=gz486o1e340000001790762228284&qH=146bdebb324a64d3&ov_redirect=true
2026-09-30 15:27:15 - INFO - Image  : https://rukminim2.flixcart.com/image/312/312/xif0q/computer/c/g/4/-enriched-transparent-original-imahgfdyf6grkw9r.png?q=70
2026-09-30 15:27:15 - INFO - 
Total products selected: 3
2026-09-30 15:27:15 - INFO - Get Products - Laptop completed successfully.
2026-09-30 15:27:15 - INFO - Products extracted for Laptop
2026-09-30 15:27:19 - INFO - 
==================================================
2026-09-30 15:27:19 - INFO - Processing Product : Headphone
2026-09-30 15:27:19 - INFO - Maximum Price      : 2000
2026-09-30 15:27:19 - INFO - Customer Rating    : 3
2026-09-30 15:27:19 - INFO - ==================================================
2026-09-30 15:27:19 - INFO - Search Headphone - Attempt 1/3
2026-09-30 15:27:19 - INFO - Searching product: Headphone
2026-09-30 15:27:22 - INFO - Product entered: Headphone
2026-09-30 15:27:22 - INFO - Search clicked: Headphone
2026-09-30 15:27:25 - INFO - Search completed successfully: Headphone
2026-09-30 15:27:25 - INFO - Search Headphone completed successfully.
2026-09-30 15:27:25 - INFO - Price Filter - Attempt 1/3
2026-09-30 15:27:25 - INFO - Applying price filter: 2000
2026-09-30 15:27:25 - INFO - Price filter found.
2026-09-30 15:27:25 - INFO - Price dropdowns found: 2
2026-09-30 15:27:25 - INFO - Maximum price selected: 2000
2026-09-30 15:27:25 - INFO - Price Filter completed successfully.
2026-09-30 15:27:25 - INFO - Rating Filter - Attempt 1/3
2026-09-30 15:27:25 - INFO - Applying rating filter: 3
2026-09-30 15:27:25 - INFO - Customer Ratings filter found.
2026-09-30 15:27:25 - INFO - Looking for rating option: 3\u2605 & above
2026-09-30 15:27:25 - INFO - Rating options are already visible.
2026-09-30 15:27:25 - INFO - Rating checkbox found: 3\u2605 & above
2026-09-30 15:27:25 - INFO - Current checkbox state: False
2026-09-30 15:27:26 - INFO - Rating option clicked: 3\u2605 & above
2026-09-30 15:27:27 - INFO - Rating filter applied successfully: 3\u2605 & above
2026-09-30 15:27:27 - INFO - Rating Filter completed successfully.
2026-09-30 15:27:27 - INFO - Get Products - Headphone - Attempt 1/3
2026-09-30 15:27:27 - INFO - Getting products...
2026-09-30 15:27:27 - INFO - 
Product 1
2026-09-30 15:27:27 - INFO - Name   : Aroma NB120 Amaze Upto 50 Hours Playtime*, Fast Chargin...
2026-09-30 15:27:27 - INFO - Price  : 
2026-09-30 15:27:27 - INFO - Rating : 
2026-09-30 15:27:27 - INFO - URL    : https://www.flipkart.com/aroma-nb120-amaze-upto-50-hours-playtime-fast-charging-dual-pairing-neckband-bluetooth/p/itmcaffc9be2871e?pid=ACCHDFNHMZWQABDN&lid=LSTACCHDFNHMZWQABDNHRENMC&marketplace=FLIPKART&q=Headphone&store=0pm%2Ffcn&srno=s_1_1&otracker=search&otracker1=search&fm=Search&iid=en_NUgWeGweWmIUlSKl51LhZ5p4v6ceiIH4ecTLwn0ddcWiZ_7krOSRQcy2BBAFelkR_q9FCbOGQ8jJ4-f3G9p1AXxYhC_3Wet9bAX1NITAy4A3mp4Fj_x3qG0j3ygLiAaT&ppt=sp&ppn=sp&ssid=lj6acvllmo0000001790762242311&qH=52f40b8ad1f6b467&ov_redirect=true&ov_redirect=true
2026-09-30 15:27:27 - INFO - Image  : https://rukminim2.flixcart.com/image/612/612/xif0q/headphone/u/x/9/nb120-amaze-upto-50-hours-playtime-fast-charging-dual-pairing-original-imahd8bgft3dndh2.jpeg?q=70
2026-09-30 15:27:27 - INFO - 
Product 2
2026-09-30 15:27:27 - INFO - Name   : Mivi Duopods K2, 40Hrs PT, HD Call, Fast Charging, 50ms...
2026-09-30 15:27:27 - INFO - Price  : 
2026-09-30 15:27:27 - INFO - Rating : 
2026-09-30 15:27:27 - INFO - URL    : https://www.flipkart.com/mivi-duopods-k2-40hrs-pt-hd-call-fast-charging-50ms-latency-ipx4-voice-asst-5-3v-bluetooth/p/itm6e514d29fd947?pid=ACCGPFCN6ZKBF5MD&lid=LSTACCGPFCN6ZKBF5MDRNL8SQ&marketplace=FLIPKART&q=Headphone&store=0pm%2Ffcn&srno=s_1_2&otracker=search&otracker1=search&fm=Search&iid=en_NUgWeGweWmIUlSKl51LhZ5p4v6ceiIH4ecTLwn0ddcUAEqS4C3F2Haxh5wvZ8Amdu4FzVfBnGVcIyAwcEnIqOxX0_tRm_7tmC4YojvM_D2014QAJmo8A_CrGr5ACbOU1&ppt=sp&ppn=sp&ssid=lj6acvllmo0000001790762242311&qH=52f40b8ad1f6b467&ov_redirect=true&ov_redirect=true
2026-09-30 15:27:27 - INFO - Image  : https://rukminim2.flixcart.com/image/612/612/xif0q/headphone/l/q/s/-original-imahzv5q8zn5qvme.jpeg?q=70
2026-09-30 15:27:27 - INFO - 
Product 3
2026-09-30 15:27:27 - INFO - Name   : PTron Studio w/ Dual-Device Pairing, 60Hrs Playtime, HD...
2026-09-30 15:27:27 - INFO - Price  : 
2026-09-30 15:27:27 - INFO - Rating : 
2026-09-30 15:27:27 - INFO - URL    : https://www.flipkart.com/ptron-studio-w-dual-device-pairing-60hrs-playtime-hd-mic-40mm-drivers-bt5-4-bluetooth/p/itm428418398f35e?pid=ACCHGBHAFCEAQGHZ&lid=LSTACCHGBHAFCEAQGHZNHOFGO&marketplace=FLIPKART&q=Headphone&store=0pm%2Ffcn&srno=s_1_3&otracker=search&otracker1=search&fm=Search&iid=c9ba28b2-1ea8-407b-ae85-62674f519700.ACCHGBHAFCEAQGHZ.SEARCH&ppt=sp&ppn=sp&ssid=lj6acvllmo0000001790762242311&qH=52f40b8ad1f6b467&ov_redirect=true&ov_redirect=true
2026-09-30 15:27:27 - INFO - Image  : https://rukminim2.flixcart.com/image/612/612/xif0q/headphone/q/e/x/-enriched-transparent-original-imahg5yzggargbs7.png?q=70
2026-09-30 15:27:27 - INFO - 
Total products selected: 3
2026-09-30 15:27:27 - INFO - Get Products - Headphone completed successfully.
2026-09-30 15:27:27 - INFO - Products extracted for Headphone
2026-09-30 15:27:31 - INFO - 
==================================================
2026-09-30 15:27:31 - INFO - Processing Product : Speaker
2026-09-30 15:27:31 - INFO - Maximum Price      : 2000
2026-09-30 15:27:31 - INFO - Customer Rating    : 4
2026-09-30 15:27:31 - INFO - ==================================================
2026-09-30 15:27:31 - INFO - Search Speaker - Attempt 1/3
2026-09-30 15:27:31 - INFO - Searching product: Speaker
2026-09-30 15:27:34 - INFO - Product entered: Speaker
2026-09-30 15:27:34 - INFO - Search clicked: Speaker
2026-09-30 15:27:37 - INFO - Search completed successfully: Speaker
2026-09-30 15:27:37 - INFO - Search Speaker completed successfully.
2026-09-30 15:27:37 - INFO - Price Filter - Attempt 1/3
2026-09-30 15:27:37 - INFO - Applying price filter: 2000
2026-09-30 15:27:37 - INFO - Price filter found.
2026-09-30 15:27:37 - INFO - Price dropdowns found: 2
2026-09-30 15:27:37 - INFO - Maximum price selected: 2000
2026-09-30 15:27:37 - INFO - Price Filter completed successfully.
2026-09-30 15:27:37 - INFO - Rating Filter - Attempt 1/3
2026-09-30 15:27:37 - INFO - Applying rating filter: 4
2026-09-30 15:27:37 - INFO - Customer Ratings filter found.
2026-09-30 15:27:37 - INFO - Looking for rating option: 4\u2605 & above
2026-09-30 15:27:37 - INFO - Rating options are already visible.
2026-09-30 15:27:37 - INFO - Rating checkbox found: 4\u2605 & above
2026-09-30 15:27:37 - INFO - Current checkbox state: False
2026-09-30 15:27:38 - INFO - Rating option clicked: 4\u2605 & above
2026-09-30 15:27:39 - INFO - Rating filter applied successfully: 4\u2605 & above
2026-09-30 15:27:39 - INFO - Rating Filter completed successfully.
2026-09-30 15:27:39 - INFO - Get Products - Speaker - Attempt 1/3
2026-09-30 15:27:39 - INFO - Getting products...
2026-09-30 15:27:39 - INFO - 
Product 1
2026-09-30 15:27:39 - INFO - Name   : TRIGGR Horizon 16 with Dual Drivers, 7Hrs Playtime, MEM...
2026-09-30 15:27:39 - INFO - Price  : 
2026-09-30 15:27:39 - INFO - Rating : 
2026-09-30 15:27:39 - INFO - URL    : https://www.flipkart.com/triggr-horizon-16-dual-drivers-7hrs-playtime-mems-mic-tws-function-w-bluetooth-speaker/p/itmbfed43aa346a6?pid=ACCHHHSBZ5GZDZQT&lid=LSTACCHHHSBZ5GZDZQTGV5NAP&marketplace=FLIPKART&q=Speaker&store=0pm%2F0o7&srno=s_1_1&otracker=search&otracker1=search&fm=Search&iid=en_W3a7CXjGSkWsPgkJ11AhkXqD3Ar_URk-LDWCQhsmRmq0J3iTQJFIJ585eSbCumDTuoac-g26gbfLdqA6Gj8EMEmOSYNG4mLT6ckJx1qZeQ8ZsCa81QQKAhx-8fVxjT7g&ppt=sp&ppn=sp&ssid=wd09u7g4sg0000001790762254308&qH=22cc65fdfc4417d6&ov_redirect=true&ov_redirect=true
2026-09-30 15:27:39 - INFO - Image  : https://rukminim2.flixcart.com/image/612/612/xif0q/speaker/p/a/n/-original-imahm4afbfgwtty7.jpeg?q=70
2026-09-30 15:27:39 - INFO - 
Product 2
2026-09-30 15:27:39 - INFO - Name   : boAt Stone 350 Type-c Charging 10 W Bluetooth Speaker
2026-09-30 15:27:39 - INFO - Price  : 
2026-09-30 15:27:39 - INFO - Rating : 
2026-09-30 15:27:39 - INFO - URL    : https://www.flipkart.com/boat-stone-350-type-c-charging-10-w-bluetooth-speaker/p/itm59a5a4d6a772a?pid=ACCGNX7YPSR2VGBU&lid=LSTACCGNX7YPSR2VGBUOBQWOG&marketplace=FLIPKART&q=Speaker&store=0pm%2F0o7&srno=s_1_2&otracker=search&otracker1=search&fm=Search&iid=en_W3a7CXjGSkWsPgkJ11AhkXqD3Ar_URk-LDWCQhsmRmoWXs3hMOmhpTbnz6Y149QoAgPOrM3RHXDyVBXxndq6GT5qKpsmcA-Nq479EMZ1EWgTNMlTPHjcibgbpsxynnyn&ppt=sp&ppn=sp&ssid=wd09u7g4sg0000001790762254308&qH=22cc65fdfc4417d6&ov_redirect=true&ov_redirect=true
2026-09-30 15:27:39 - INFO - Image  : https://rukminim2.flixcart.com/image/612/612/xif0q/speaker/u/f/i/-original-imahqcnyabcqhegg.jpeg?q=70
2026-09-30 15:27:39 - INFO - 
Product 3
2026-09-30 15:27:39 - INFO - Name   : ZEBRONICS ZEB-SOUND FEAST 40 (ZEB-PSPK 48) 8 W Bluetoot...
2026-09-30 15:27:39 - INFO - Price  : 
2026-09-30 15:27:39 - INFO - Rating : 
2026-09-30 15:27:39 - INFO - URL    : https://www.flipkart.com/zebronics-zeb-sound-feast-40-zeb-pspk-48-8-w-bluetooth-speaker/p/itm7d7517e20d1f3?pid=ACCH66X7D7TUY5V4&lid=LSTACCH66X7D7TUY5V4WLL2NN&marketplace=FLIPKART&q=Speaker&store=0pm%2F0o7&spotlightTagId=default_TrendingId_0pm%2F0o7&srno=s_1_3&otracker=search&otracker1=search&fm=Search&iid=715f06b4-260e-47ab-9535-22fb7d90ca3f.ACCH66X7D7TUY5V4.SEARCH&ppt=sp&ppn=sp&ssid=wd09u7g4sg0000001790762254308&qH=22cc65fdfc4417d6&ov_redirect=true&ov_redirect=true
2026-09-30 15:27:39 - INFO - Image  : https://rukminim2.flixcart.com/image/612/612/xif0q/speaker/laptop-desktop-speaker/w/8/h/zeb-sound-feast-40-zeb-pspk-48-zebronics-original-imah66x6nhjqgkfz.jpeg?q=70
2026-09-30 15:27:39 - INFO - 
Total products selected: 3
2026-09-30 15:27:39 - INFO - Get Products - Speaker completed successfully.
2026-09-30 15:27:39 - INFO - Products extracted for Speaker
2026-09-30 15:27:43 - INFO - 
==================================================
2026-09-30 15:27:43 - INFO - Processing Product : ipad
2026-09-30 15:27:43 - INFO - Maximum Price      : 30000
2026-09-30 15:27:43 - INFO - Customer Rating    : 3
2026-09-30 15:27:43 - INFO - ==================================================
2026-09-30 15:27:43 - INFO - Search ipad - Attempt 1/3
2026-09-30 15:27:43 - INFO - Searching product: ipad
2026-09-30 15:27:46 - INFO - Product entered: ipad
2026-09-30 15:27:46 - INFO - Search clicked: ipad
2026-09-30 15:27:49 - INFO - Search completed successfully: ipad
2026-09-30 15:27:49 - INFO - Search ipad completed successfully.
2026-09-30 15:27:49 - INFO - Price Filter - Attempt 1/3
2026-09-30 15:27:49 - INFO - Applying price filter: 30000
2026-09-30 15:27:49 - INFO - Price filter found.
2026-09-30 15:27:49 - INFO - Price dropdowns found: 2
2026-09-30 15:27:49 - INFO - Maximum price selected: 30000
2026-09-30 15:27:49 - INFO - Price Filter completed successfully.
2026-09-30 15:27:49 - INFO - Rating Filter - Attempt 1/3
2026-09-30 15:27:49 - INFO - Applying rating filter: 3
2026-09-30 15:27:49 - INFO - Customer Ratings filter found.
2026-09-30 15:27:49 - INFO - Looking for rating option: 3\u2605 & above
2026-09-30 15:27:49 - INFO - Rating options are already visible.
2026-09-30 15:27:49 - INFO - Rating checkbox found: 3\u2605 & above
2026-09-30 15:27:49 - INFO - Current checkbox state: False
2026-09-30 15:27:49 - INFO - Rating option clicked: 3\u2605 & above
2026-09-30 15:27:50 - INFO - Rating filter applied successfully: 3\u2605 & above
2026-09-30 15:27:50 - INFO - Rating Filter completed successfully.
2026-09-30 15:27:50 - INFO - Get Products - ipad - Attempt 1/3
2026-09-30 15:27:50 - INFO - Getting products...
2026-09-30 15:27:50 - INFO - 
Product 1
2026-09-30 15:27:50 - INFO - Name   : 
2026-09-30 15:27:50 - INFO - Price  : 
2026-09-30 15:27:50 - INFO - Rating : 
2026-09-30 15:27:50 - INFO - URL    : https://www.flipkart.com/apple-ipad-10th-gen-64-gb-rom-10-9-inch-wi-fi-only-gaming-a14-bionic-chip-pink/p/itmaf20456d05879?pid=TABGJ6XUSFTPNTKH&lid=LSTTABGJ6XUSFTPNTKHITLWPF&marketplace=FLIPKART&q=ipad&store=tyy%2Fhry&srno=s_1_1&otracker=search&otracker1=search&fm=Search&iid=73d5e56c-4ad1-4256-82aa-c4d1ed1dea29.TABGJ6XUSFTPNTKH.SEARCH&ppt=sp&ppn=sp&ssid=ltpgszqe680000001790762266153&qH=09401fded433c347&ov_redirect=true
2026-09-30 15:27:50 - INFO - Image  : https://rukminim2.flixcart.com/image/312/312/xif0q/tablet/h/b/l/-enriched-transparent-original-imagj72vgvcavh98.png?q=70
2026-09-30 15:27:50 - INFO - 
Product 2
2026-09-30 15:27:50 - INFO - Name   : 
2026-09-30 15:27:50 - INFO - Price  : 
2026-09-30 15:27:50 - INFO - Rating : 
2026-09-30 15:27:50 - INFO - URL    : https://www.flipkart.com/apple-ipad-10th-gen-64-gb-rom-10-9-inch-wi-fi-only-gaming-a14-bionic-chip-yellow/p/itmf1a64e377c0c0?pid=TABGJ6XUVMSWMHFX&lid=LSTTABGJ6XUVMSWMHFXAQHZVQ&marketplace=FLIPKART&q=ipad&store=tyy%2Fhry&srno=s_1_2&otracker=search&otracker1=search&fm=Search&iid=73d5e56c-4ad1-4256-82aa-c4d1ed1dea29.TABGJ6XUVMSWMHFX.SEARCH&ppt=sp&ppn=sp&ssid=ltpgszqe680000001790762266153&qH=09401fded433c347&ov_redirect=true
2026-09-30 15:27:50 - INFO - Image  : https://rukminim2.flixcart.com/image/312/312/xif0q/tablet/a/x/v/-original-imagj72tu9qfjzrm.jpeg?q=70
2026-09-30 15:27:50 - INFO - 
Product 3
2026-09-30 15:27:50 - INFO - Name   : 
2026-09-30 15:27:50 - INFO - Price  : 
2026-09-30 15:27:50 - INFO - Rating : 
2026-09-30 15:27:50 - INFO - URL    : https://www.flipkart.com/apple-ipad-2-gb-ram-32-rom-11-inch-wi-fi-only-a9-chip-64-bit-architecture-embedded-m9-co-processor-space-grey/p/itmespzmeutdxung?pid=TABESPZMM7PE2W4Y&lid=LSTTABESPZMM7PE2W4YYZLBJT&marketplace=FLIPKART&q=ipad&store=tyy%2Fhry&srno=s_1_3&otracker=search&otracker1=search&fm=Search&iid=73d5e56c-4ad1-4256-82aa-c4d1ed1dea29.TABESPZMM7PE2W4Y.SEARCH&ppt=sp&ppn=sp&ssid=ltpgszqe680000001790762266153&qH=09401fded433c347&ov_redirect=true
2026-09-30 15:27:50 - INFO - Image  : https://rukminim2.flixcart.com/image/312/312/j12gakw0-1/tablet/w/4/y/apple-mp2f2hn-a-original-imaesqd4d9y6cher.jpeg?q=70
2026-09-30 15:27:50 - INFO - 
Total products selected: 3
2026-09-30 15:27:50 - INFO - Get Products - ipad completed successfully.
2026-09-30 15:27:50 - INFO - Products extracted for ipad
2026-09-30 15:27:57 - INFO - Execution email sent.
2026-09-30 15:27:57 - INFO - Browser context closed.
2026-09-30 15:27:58 - INFO - Browser closed.
2026-09-30 15:27:58 - INFO - Playwright stopped.
2026-09-30 15:27:58 - ERROR - Automation failed
2026-09-30 15:27:58 - INFO - Flipkart Automation Completed
2026-09-30 15:42:06 - INFO - Flipkart Automation Started
2026-09-30 15:42:06 - INFO - BOT RUNNER STARTED
2026-09-30 15:42:12 - INFO - Trigger email sent.
2026-09-30 15:42:12 - INFO - Opening Flipkart...
2026-09-30 15:42:14 - INFO - Flipkart opened successfully
2026-09-30 15:42:14 - INFO - Logging into flipkart
2026-09-30 15:42:17 - INFO - Products found in Excel: 4
2026-09-30 15:42:17 - INFO - 
==================================================
2026-09-30 15:42:17 - INFO - Processing Product : Laptop
2026-09-30 15:42:17 - INFO - Maximum Price      : 40000
2026-09-30 15:42:17 - INFO - Customer Rating    : 3
2026-09-30 15:42:17 - INFO - ==================================================
2026-09-30 15:42:17 - INFO - Search Laptop - Attempt 1/3
2026-09-30 15:42:17 - INFO - Searching product: Laptop
2026-09-30 15:42:20 - INFO - Product entered: Laptop
2026-09-30 15:42:20 - INFO - Search clicked: Laptop
2026-09-30 15:42:23 - INFO - Search completed successfully: Laptop
2026-09-30 15:42:23 - INFO - Search Laptop completed successfully.
2026-09-30 15:42:23 - INFO - Price Filter - Attempt 1/3
2026-09-30 15:42:23 - INFO - Applying price filter: 40000
2026-09-30 15:42:23 - INFO - Price filter found.
2026-09-30 15:42:23 - INFO - Price dropdowns found: 2
2026-09-30 15:42:23 - INFO - Maximum price selected: 40000
2026-09-30 15:42:23 - INFO - Price Filter completed successfully.
2026-09-30 15:42:23 - INFO - Rating Filter - Attempt 1/3
2026-09-30 15:42:23 - INFO - Applying rating filter: 3
2026-09-30 15:42:23 - INFO - Customer Ratings filter found.
2026-09-30 15:42:23 - INFO - Looking for rating option: 3\u2605 & above
2026-09-30 15:42:23 - INFO - Rating options are already visible.
2026-09-30 15:42:23 - INFO - Rating checkbox found: 3\u2605 & above
2026-09-30 15:42:23 - INFO - Current checkbox state: False
2026-09-30 15:42:24 - INFO - Rating option clicked: 3\u2605 & above
2026-09-30 15:42:25 - INFO - Rating filter applied successfully: 3\u2605 & above
2026-09-30 15:42:25 - INFO - Rating Filter completed successfully.
2026-09-30 15:42:25 - INFO - Get Products - Laptop - Attempt 1/3
2026-09-30 15:42:25 - INFO - Getting products...
2026-09-30 15:42:25 - INFO - 
Product 1
2026-09-30 15:42:25 - INFO - Name   : 
2026-09-30 15:42:25 - INFO - Price  : 
2026-09-30 15:42:25 - INFO - Rating : 
2026-09-30 15:42:25 - INFO - URL    : https://www.flipkart.com/acer-aspire-lite-metal-2026-amd-ryzen-3-quad-core-5400u-8-gb-512-gb-ssd-windows-11-home-al15-41-thin-light-laptop/p/itm1bc0bcb4598e7?pid=COMH2TPSM9V7V38F&lid=LSTCOMH2TPSM9V7V38F5SNKCO&marketplace=FLIPKART&q=Laptop&store=6bo%2Fb5g&srno=s_1_1&otracker=search&otracker1=search&fm=Search&iid=900ddb7a-af8e-4c87-8392-f9957a6a7558.COMH2TPSM9V7V38F.SEARCH&ppt=sp&ppn=sp&ssid=knwfj4p3280000001790763141074&qH=146bdebb324a64d3&ov_redirect=true
2026-09-30 15:42:25 - INFO - Image  : https://rukminim2.flixcart.com/image/312/312/xif0q/computer/b/k/d/-original-imahb2kbf2zdan3z.jpeg?q=70
2026-09-30 15:42:25 - INFO - 
Product 2
2026-09-30 15:42:25 - INFO - Name   : 
2026-09-30 15:42:25 - INFO - Price  : 
2026-09-30 15:42:25 - INFO - Rating : 
2026-09-30 15:42:25 - INFO - URL    : https://www.flipkart.com/lenovo-100e-chromebook-gen-4-mediatek-kompanio-520-4-gb-32-gb-emmc-storage-chrome-os/p/itm041aea27f1885?pid=COMHA9FK8YXVUUWA&lid=LSTCOMHA9FK8YXVUUWAAREQMZ&marketplace=FLIPKART&q=Laptop&store=6bo%2Fb5g&srno=s_1_2&otracker=search&otracker1=search&fm=Search&iid=900ddb7a-af8e-4c87-8392-f9957a6a7558.COMHA9FK8YXVUUWA.SEARCH&ppt=sp&ppn=sp&ssid=knwfj4p3280000001790763141074&qH=146bdebb324a64d3&ov_redirect=true
2026-09-30 15:42:25 - INFO - Image  : https://rukminim2.flixcart.com/image/312/312/xif0q/computer/c/g/4/-enriched-transparent-original-imahgfdyf6grkw9r.png?q=70
2026-09-30 15:42:25 - INFO - 
Product 3
2026-09-30 15:42:25 - INFO - Name   : 
2026-09-30 15:42:25 - INFO - Price  : 
2026-09-30 15:42:25 - INFO - Rating : 
2026-09-30 15:42:25 - INFO - URL    : https://www.flipkart.com/jio-mediatek-mt8788-4-gb-64-gb-emmc-storage-android-11-nb1112mmblu-laptop/p/itmd9ab04fea101d?pid=COMHFFWBUUVJNXXN&lid=LSTCOMHFFWBUUVJNXXNSEVBMQ&marketplace=FLIPKART&q=Laptop&store=6bo%2Fb5g&srno=s_1_3&otracker=search&otracker1=search&fm=Search&iid=900ddb7a-af8e-4c87-8392-f9957a6a7558.COMHFFWBUUVJNXXN.SEARCH&ppt=sp&ppn=sp&ssid=knwfj4p3280000001790763141074&qH=146bdebb324a64d3&ov_redirect=true
2026-09-30 15:42:25 - INFO - Image  : https://rukminim2.flixcart.com/image/312/312/xif0q/computer/v/v/r/jiobook-11-laptop-jio-original-imahffwbjeuaf3uf.jpeg?q=70
2026-09-30 15:42:25 - INFO - 
Total products selected: 3
2026-09-30 15:42:25 - INFO - Get Products - Laptop completed successfully.
2026-09-30 15:42:25 - INFO - Products extracted for Laptop
2026-09-30 15:42:29 - INFO - 
==================================================
2026-09-30 15:42:29 - INFO - Processing Product : Headphone
2026-09-30 15:42:29 - INFO - Maximum Price      : 2000
2026-09-30 15:42:29 - INFO - Customer Rating    : 3
2026-09-30 15:42:29 - INFO - ==================================================
2026-09-30 15:42:29 - INFO - Search Headphone - Attempt 1/3
2026-09-30 15:42:29 - INFO - Searching product: Headphone
2026-09-30 15:42:32 - INFO - Product entered: Headphone
2026-09-30 15:42:32 - INFO - Search clicked: Headphone
2026-09-30 15:42:35 - INFO - Search completed successfully: Headphone
2026-09-30 15:42:35 - INFO - Search Headphone completed successfully.
2026-09-30 15:42:35 - INFO - Price Filter - Attempt 1/3
2026-09-30 15:42:35 - INFO - Applying price filter: 2000
2026-09-30 15:42:35 - INFO - Price filter found.
2026-09-30 15:42:35 - INFO - Price dropdowns found: 2
2026-09-30 15:42:35 - INFO - Maximum price selected: 2000
2026-09-30 15:42:35 - INFO - Price Filter completed successfully.
2026-09-30 15:42:35 - INFO - Rating Filter - Attempt 1/3
2026-09-30 15:42:35 - INFO - Applying rating filter: 3
2026-09-30 15:42:35 - INFO - Customer Ratings filter found.
2026-09-30 15:42:35 - INFO - Looking for rating option: 3\u2605 & above
2026-09-30 15:42:35 - INFO - Rating options are already visible.
2026-09-30 15:42:35 - INFO - Rating checkbox found: 3\u2605 & above
2026-09-30 15:42:35 - INFO - Current checkbox state: False
2026-09-30 15:42:36 - INFO - Rating option clicked: 3\u2605 & above
2026-09-30 15:42:37 - INFO - Rating filter applied successfully: 3\u2605 & above
2026-09-30 15:42:37 - INFO - Rating Filter completed successfully.
2026-09-30 15:42:37 - INFO - Get Products - Headphone - Attempt 1/3
2026-09-30 15:42:37 - INFO - Getting products...
2026-09-30 15:42:37 - INFO - 
Product 1
2026-09-30 15:42:37 - INFO - Name   : PTron Studio Pro w/ Dual-device Pairing, 65hrs Playtime...
2026-09-30 15:42:37 - INFO - Price  : 
2026-09-30 15:42:37 - INFO - Rating : 
2026-09-30 15:42:37 - INFO - URL    : https://www.flipkart.com/ptron-studio-pro-w-dual-device-pairing-65hrs-playtime-ai-enc-calls-pristine-sound-bluetooth/p/itmbb8bf9fd3f14e?pid=ACCHGBHAGCMKDTYF&lid=LSTACCHGBHAGCMKDTYFNYWCPY&marketplace=FLIPKART&q=Headphone&store=0pm%2Ffcn&srno=s_1_1&otracker=search&otracker1=search&fm=Search&iid=en_rYZDuIJnoFQhfItLJPHRY65zC-wYSAMdQAmF6F8tjZu2bU6BABiNiA1cHNTa9h7R9WMUbYo_RSohtaAik2-mI1J1odXQ5ZUZZsan7i6au-u29YNOlM2y7FyqqJqFkup1&ppt=sp&ppn=sp&ssid=sekhknipn40000001790763152657&qH=52f40b8ad1f6b467&ov_redirect=true&ov_redirect=true
2026-09-30 15:42:37 - INFO - Image  : https://rukminim2.flixcart.com/image/612/612/xif0q/headphone/5/j/8/-enriched-transparent-original-imahgzhfxhquvu9h.png?q=70
2026-09-30 15:42:37 - INFO - 
Product 2
2026-09-30 15:42:37 - INFO - Name   : Mivi Duopods K2, 40Hrs PT, HD Call, Fast Charging, 50ms...
2026-09-30 15:42:37 - INFO - Price  : 
2026-09-30 15:42:37 - INFO - Rating : 
2026-09-30 15:42:37 - INFO - URL    : https://www.flipkart.com/mivi-duopods-k2-40hrs-pt-hd-call-fast-charging-50ms-latency-ipx4-voice-asst-5-3v-bluetooth/p/itm6e514d29fd947?pid=ACCGPFCN6ZKBF5MD&lid=LSTACCGPFCN6ZKBF5MDRNL8SQ&marketplace=FLIPKART&q=Headphone&store=0pm%2Ffcn&srno=s_1_2&otracker=search&otracker1=search&fm=Search&iid=en_rYZDuIJnoFQhfItLJPHRY65zC-wYSAMdQAmF6F8tjZtKouA2okYR44IMIWqtT_90u4FzVfBnGVcIyAwcEnIqOxX0_tRm_7tmC4YojvM_D2229YNOlM2y7FyqqJqFkup1&ppt=sp&ppn=sp&ssid=sekhknipn40000001790763152657&qH=52f40b8ad1f6b467&ov_redirect=true&ov_redirect=true
2026-09-30 15:42:37 - INFO - Image  : https://rukminim2.flixcart.com/image/612/612/xif0q/headphone/l/q/s/-original-imahzv5q8zn5qvme.jpeg?q=70
2026-09-30 15:42:37 - INFO - 
Product 3
2026-09-30 15:42:37 - INFO - Name   : PTron Studio w/ Dual-Device Pairing, 60Hrs Playtime, HD...
2026-09-30 15:42:37 - INFO - Price  : 
2026-09-30 15:42:37 - INFO - Rating : 
2026-09-30 15:42:37 - INFO - URL    : https://www.flipkart.com/ptron-studio-w-dual-device-pairing-60hrs-playtime-hd-mic-40mm-drivers-bt5-4-bluetooth/p/itm428418398f35e?pid=ACCHGBHAFCEAQGHZ&lid=LSTACCHGBHAFCEAQGHZNHOFGO&marketplace=FLIPKART&q=Headphone&store=0pm%2Ffcn&srno=s_1_3&otracker=search&otracker1=search&fm=Search&iid=6d3f91f6-c720-4b6d-b507-5706ea2f4ec5.ACCHGBHAFCEAQGHZ.SEARCH&ppt=sp&ppn=sp&ssid=sekhknipn40000001790763152657&qH=52f40b8ad1f6b467&ov_redirect=true&ov_redirect=true
2026-09-30 15:42:37 - INFO - Image  : https://rukminim2.flixcart.com/image/612/612/xif0q/headphone/q/e/x/-enriched-transparent-original-imahg5yzggargbs7.png?q=70
2026-09-30 15:42:37 - INFO - 
Total products selected: 3
2026-09-30 15:42:37 - INFO - Get Products - Headphone completed successfully.
2026-09-30 15:42:37 - INFO - Products extracted for Headphone
2026-09-30 15:42:40 - INFO - 
==================================================
2026-09-30 15:42:40 - INFO - Processing Product : Speaker
2026-09-30 15:42:40 - INFO - Maximum Price      : 2000
2026-09-30 15:42:40 - INFO - Customer Rating    : 4
2026-09-30 15:42:40 - INFO - ==================================================
2026-09-30 15:42:40 - INFO - Search Speaker - Attempt 1/3
2026-09-30 15:42:40 - INFO - Searching product: Speaker
2026-09-30 15:42:44 - INFO - Product entered: Speaker
2026-09-30 15:42:44 - INFO - Search clicked: Speaker
2026-09-30 15:42:47 - INFO - Search completed successfully: Speaker
2026-09-30 15:42:47 - INFO - Search Speaker completed successfully.
2026-09-30 15:42:47 - INFO - Price Filter - Attempt 1/3
2026-09-30 15:42:47 - INFO - Applying price filter: 2000
2026-09-30 15:42:47 - INFO - Price filter found.
2026-09-30 15:42:47 - INFO - Price dropdowns found: 2
2026-09-30 15:42:47 - INFO - Maximum price selected: 2000
2026-09-30 15:42:47 - INFO - Price Filter completed successfully.
2026-09-30 15:42:47 - INFO - Rating Filter - Attempt 1/3
2026-09-30 15:42:47 - INFO - Applying rating filter: 4
2026-09-30 15:42:47 - INFO - Customer Ratings filter found.
2026-09-30 15:42:47 - INFO - Looking for rating option: 4\u2605 & above
2026-09-30 15:42:47 - INFO - Rating options are already visible.
2026-09-30 15:42:47 - INFO - Rating checkbox found: 4\u2605 & above
2026-09-30 15:42:47 - INFO - Current checkbox state: False
2026-09-30 15:42:48 - INFO - Rating option clicked: 4\u2605 & above
2026-09-30 15:42:49 - INFO - Rating filter applied successfully: 4\u2605 & above
2026-09-30 15:42:49 - INFO - Rating Filter completed successfully.
2026-09-30 15:42:49 - INFO - Get Products - Speaker - Attempt 1/3
2026-09-30 15:42:49 - INFO - Getting products...
2026-09-30 15:42:49 - INFO - 
Product 1
2026-09-30 15:42:49 - INFO - Name   : Mivi Fort S24 with Dual Full Range Drivers, 6Hrs Playba...
2026-09-30 15:42:49 - INFO - Price  : 
2026-09-30 15:42:49 - INFO - Rating : 
2026-09-30 15:42:49 - INFO - URL    : https://www.flipkart.com/mivi-fort-s24-dual-full-range-drivers-6hrs-playback-voice-assistant-24-w-bluetooth-soundbar/p/itm6306a85c1e536?pid=ACCGFTFKKYHBSBKV&lid=LSTACCGFTFKKYHBSBKVD2UZYR&marketplace=FLIPKART&q=Speaker&store=0pm%2F0o7&srno=s_1_1&otracker=search&otracker1=search&fm=Search&iid=en_G5xTnJLlEEHuyggtHPtmrTEoAN1qyjPUmZYuzP-5C9oYDEtwThY-iXqUiheKp4W1dl-P_kh9DgVlW849V3n3fMy8JQ4kIOX7f8sEYenXu9GFEY7D0Db7zHmEZlNPH_bD&ppt=sp&ppn=sp&ssid=ow52k67qkg0000001790763164074&qH=22cc65fdfc4417d6&ov_redirect=true&ov_redirect=true
2026-09-30 15:42:49 - INFO - Image  : https://rukminim2.flixcart.com/image/612/612/xif0q/speaker/y/b/j/-enriched-transparent-original-imahc5fqyugfsx2b.png?q=70
2026-09-30 15:42:49 - INFO - 
Product 2
2026-09-30 15:42:49 - INFO - Name   : TRIGGR Roar 8 with RGB Lights, Fabric Exterior, TWS & F...
2026-09-30 15:42:49 - INFO - Price  : 
2026-09-30 15:42:49 - INFO - Rating : 
2026-09-30 15:42:49 - INFO - URL    : https://www.flipkart.com/triggr-roar-8-rgb-lights-fabric-exterior-tws-fm-mode-12h-playtime-bt-v5-4-w-bluetooth-speaker/p/itm239bedcadc79e?pid=ACCHMSCZMXYV78K9&lid=LSTACCHMSCZMXYV78K9JUBHNI&marketplace=FLIPKART&q=Speaker&store=0pm%2F0o7&srno=s_1_2&otracker=search&otracker1=search&fm=Search&iid=en_G5xTnJLlEEHuyggtHPtmrTEoAN1qyjPUmZYuzP-5C9pdCw0-jfkxNDN524sp8sUw2vOsFiWxBibltQ8_-KJ5F8EPv4xLM7zU0Q-NwqWp63sQa9ftxDS41vN0n8eeZ4ih&ppt=sp&ppn=sp&ssid=ow52k67qkg0000001790763164074&qH=22cc65fdfc4417d6&ov_redirect=true&ov_redirect=true
2026-09-30 15:42:49 - INFO - Image  : https://rukminim2.flixcart.com/image/612/612/xif0q/speaker/x/q/5/-original-imahnq7jfa23xdxa.jpeg?q=70
2026-09-30 15:42:49 - INFO - 
Product 3
2026-09-30 15:42:49 - INFO - Name   : ZEBRONICS ZEB-SOUND FEAST 40 (ZEB-PSPK 48) 8 W Bluetoot...
2026-09-30 15:42:49 - INFO - Price  : 
2026-09-30 15:42:49 - INFO - Rating : 
2026-09-30 15:42:49 - INFO - URL    : https://www.flipkart.com/zebronics-zeb-sound-feast-40-zeb-pspk-48-8-w-bluetooth-speaker/p/itm7d7517e20d1f3?pid=ACCH66X7D7TUY5V4&lid=LSTACCH66X7D7TUY5V4WLL2NN&marketplace=FLIPKART&q=Speaker&store=0pm%2F0o7&spotlightTagId=default_TrendingId_0pm%2F0o7&srno=s_1_3&otracker=search&otracker1=search&fm=Search&iid=8d2dad04-150f-4c1b-b307-107bbc577156.ACCH66X7D7TUY5V4.SEARCH&ppt=sp&ppn=sp&ssid=ow52k67qkg0000001790763164074&qH=22cc65fdfc4417d6&ov_redirect=true&ov_redirect=true
2026-09-30 15:42:49 - INFO - Image  : https://rukminim2.flixcart.com/image/612/612/xif0q/speaker/laptop-desktop-speaker/w/8/h/zeb-sound-feast-40-zeb-pspk-48-zebronics-original-imah66x6nhjqgkfz.jpeg?q=70
2026-09-30 15:42:49 - INFO - 
Total products selected: 3
2026-09-30 15:42:49 - INFO - Get Products - Speaker completed successfully.
2026-09-30 15:42:49 - INFO - Products extracted for Speaker
2026-09-30 15:42:53 - INFO - 
==================================================
2026-09-30 15:42:53 - INFO - Processing Product : ipad
2026-09-30 15:42:53 - INFO - Maximum Price      : 30000
2026-09-30 15:42:53 - INFO - Customer Rating    : 3
2026-09-30 15:42:53 - INFO - ==================================================
2026-09-30 15:42:53 - INFO - Search ipad - Attempt 1/3
2026-09-30 15:42:53 - INFO - Searching product: ipad
2026-09-30 15:42:56 - INFO - Product entered: ipad
2026-09-30 15:42:56 - INFO - Search clicked: ipad
2026-09-30 15:42:59 - INFO - Search completed successfully: ipad
2026-09-30 15:42:59 - INFO - Search ipad completed successfully.
2026-09-30 15:42:59 - INFO - Price Filter - Attempt 1/3
2026-09-30 15:42:59 - INFO - Applying price filter: 30000
2026-09-30 15:42:59 - INFO - Price filter found.
2026-09-30 15:42:59 - INFO - Price dropdowns found: 2
2026-09-30 15:42:59 - INFO - Maximum price selected: 30000
2026-09-30 15:42:59 - INFO - Price Filter completed successfully.
2026-09-30 15:42:59 - INFO - Rating Filter - Attempt 1/3
2026-09-30 15:42:59 - INFO - Applying rating filter: 3
2026-09-30 15:42:59 - INFO - Customer Ratings filter found.
2026-09-30 15:42:59 - INFO - Looking for rating option: 3\u2605 & above
2026-09-30 15:42:59 - INFO - Rating options are already visible.
2026-09-30 15:42:59 - INFO - Rating checkbox found: 3\u2605 & above
2026-09-30 15:42:59 - INFO - Current checkbox state: False
2026-09-30 15:42:59 - INFO - Rating option clicked: 3\u2605 & above
2026-09-30 15:43:00 - INFO - Rating filter applied successfully: 3\u2605 & above
2026-09-30 15:43:00 - INFO - Rating Filter completed successfully.
2026-09-30 15:43:00 - INFO - Get Products - ipad - Attempt 1/3
2026-09-30 15:43:00 - INFO - Getting products...
2026-09-30 15:43:00 - INFO - 
Product 1
2026-09-30 15:43:00 - INFO - Name   : 
2026-09-30 15:43:00 - INFO - Price  : 
2026-09-30 15:43:00 - INFO - Rating : 
2026-09-30 15:43:00 - INFO - URL    : https://www.flipkart.com/apple-ipad-10th-gen-64-gb-rom-10-9-inch-wi-fi-only-gaming-a14-bionic-chip-pink/p/itmaf20456d05879?pid=TABGJ6XUSFTPNTKH&lid=LSTTABGJ6XUSFTPNTKHITLWPF&marketplace=FLIPKART&q=ipad&store=tyy%2Fhry&srno=s_1_1&otracker=search&otracker1=search&fm=Search&iid=bb6cd92f-88f8-4728-ba8d-69f5720b5c05.TABGJ6XUSFTPNTKH.SEARCH&ppt=sp&ppn=sp&ssid=1oq5u58gzk0000001790763176085&qH=09401fded433c347&ov_redirect=true
2026-09-30 15:43:00 - INFO - Image  : https://rukminim2.flixcart.com/image/312/312/xif0q/tablet/h/b/l/-enriched-transparent-original-imagj72vgvcavh98.png?q=70
2026-09-30 15:43:00 - INFO - 
Product 2
2026-09-30 15:43:00 - INFO - Name   : 
2026-09-30 15:43:00 - INFO - Price  : 
2026-09-30 15:43:00 - INFO - Rating : 
2026-09-30 15:43:00 - INFO - URL    : https://www.flipkart.com/apple-ipad-10th-gen-64-gb-rom-10-9-inch-wi-fi-only-gaming-a14-bionic-chip-yellow/p/itmf1a64e377c0c0?pid=TABGJ6XUVMSWMHFX&lid=LSTTABGJ6XUVMSWMHFXAQHZVQ&marketplace=FLIPKART&q=ipad&store=tyy%2Fhry&srno=s_1_2&otracker=search&otracker1=search&fm=Search&iid=bb6cd92f-88f8-4728-ba8d-69f5720b5c05.TABGJ6XUVMSWMHFX.SEARCH&ppt=sp&ppn=sp&ssid=1oq5u58gzk0000001790763176085&qH=09401fded433c347&ov_redirect=true
2026-09-30 15:43:00 - INFO - Image  : https://rukminim2.flixcart.com/image/312/312/xif0q/tablet/a/x/v/-original-imagj72tu9qfjzrm.jpeg?q=70
2026-09-30 15:43:00 - INFO - 
Product 3
2026-09-30 15:43:00 - INFO - Name   : 
2026-09-30 15:43:00 - INFO - Price  : 
2026-09-30 15:43:00 - INFO - Rating : 
2026-09-30 15:43:00 - INFO - URL    : https://www.flipkart.com/apple-ipad-2-gb-ram-32-rom-11-inch-wi-fi-only-a9-chip-64-bit-architecture-embedded-m9-co-processor-space-grey/p/itmespzmeutdxung?pid=TABESPZMM7PE2W4Y&lid=LSTTABESPZMM7PE2W4YYZLBJT&marketplace=FLIPKART&q=ipad&store=tyy%2Fhry&srno=s_1_3&otracker=search&otracker1=search&fm=Search&iid=bb6cd92f-88f8-4728-ba8d-69f5720b5c05.TABESPZMM7PE2W4Y.SEARCH&ppt=sp&ppn=sp&ssid=1oq5u58gzk0000001790763176085&qH=09401fded433c347&ov_redirect=true
2026-09-30 15:43:00 - INFO - Image  : https://rukminim2.flixcart.com/image/312/312/j12gakw0-1/tablet/w/4/y/apple-mp2f2hn-a-original-imaesqd4d9y6cher.jpeg?q=70
2026-09-30 15:43:00 - INFO - 
Total products selected: 3
2026-09-30 15:43:00 - INFO - Get Products - ipad completed successfully.
2026-09-30 15:43:00 - INFO - Products extracted for ipad
2026-09-30 15:43:07 - INFO - Execution email sent.
2026-09-30 15:43:07 - INFO - Browser context closed.
2026-09-30 15:43:08 - INFO - Browser closed.
2026-09-30 15:43:08 - INFO - Playwright stopped.
2026-09-30 15:43:08 - ERROR - Automation failed
2026-09-30 15:43:08 - INFO - Flipkart Automation Completed
2026-09-30 15:44:47 - INFO - Flipkart Automation Started
2026-09-30 15:44:47 - INFO - BOT RUNNER STARTED
2026-09-30 15:44:52 - INFO - Trigger email sent.
2026-09-30 15:44:52 - INFO - Opening Flipkart...
2026-09-30 15:44:53 - INFO - Flipkart opened successfully
2026-09-30 15:44:53 - INFO - Logging into flipkart
2026-09-30 15:44:57 - INFO - Products found in Excel: 5
2026-09-30 15:44:57 - INFO - 
==================================================
2026-09-30 15:44:57 - INFO - Processing Product : Laptop
2026-09-30 15:44:57 - INFO - Maximum Price      : 40000
2026-09-30 15:44:57 - INFO - Customer Rating    : 3
2026-09-30 15:44:57 - INFO - ==================================================
2026-09-30 15:44:57 - INFO - Search Laptop - Attempt 1/3
2026-09-30 15:44:57 - INFO - Searching product: Laptop
2026-09-30 15:45:00 - INFO - Product entered: Laptop
2026-09-30 15:45:00 - INFO - Search clicked: Laptop
2026-09-30 15:45:03 - INFO - Search completed successfully: Laptop
2026-09-30 15:45:03 - INFO - Search Laptop completed successfully.
2026-09-30 15:45:03 - INFO - Price Filter - Attempt 1/3
2026-09-30 15:45:03 - INFO - Applying price filter: 40000
2026-09-30 15:45:03 - INFO - Price filter found.
2026-09-30 15:45:03 - INFO - Price dropdowns found: 2
2026-09-30 15:45:03 - INFO - Maximum price selected: 40000
2026-09-30 15:45:03 - INFO - Price Filter completed successfully.
2026-09-30 15:45:03 - INFO - Rating Filter - Attempt 1/3
2026-09-30 15:45:03 - INFO - Applying rating filter: 3
2026-09-30 15:45:03 - INFO - Customer Ratings filter found.
2026-09-30 15:45:03 - INFO - Looking for rating option: 3\u2605 & above
2026-09-30 15:45:03 - INFO - Rating options are already visible.
2026-09-30 15:45:03 - INFO - Rating checkbox found: 3\u2605 & above
2026-09-30 15:45:03 - INFO - Current checkbox state: False
2026-09-30 15:45:04 - INFO - Rating option clicked: 3\u2605 & above
2026-09-30 15:45:05 - INFO - Rating filter applied successfully: 3\u2605 & above
2026-09-30 15:45:05 - INFO - Rating Filter completed successfully.
2026-09-30 15:45:05 - INFO - Get Products - Laptop - Attempt 1/3
2026-09-30 15:45:05 - INFO - Getting products...
2026-09-30 15:45:05 - INFO - 
Product 1
2026-09-30 15:45:05 - INFO - Name   : 
2026-09-30 15:45:05 - INFO - Price  : 
2026-09-30 15:45:05 - INFO - Rating : 
2026-09-30 15:45:05 - INFO - URL    : https://www.flipkart.com/acer-aspire-lite-metal-2026-amd-ryzen-3-quad-core-5400u-8-gb-512-gb-ssd-windows-11-home-al15-41-thin-light-laptop/p/itm1bc0bcb4598e7?pid=COMH2TPSM9V7V38F&lid=LSTCOMH2TPSM9V7V38F5SNKCO&marketplace=FLIPKART&q=Laptop&store=6bo%2Fb5g&srno=s_1_1&otracker=search&otracker1=search&fm=Search&iid=0282e702-0b07-4af5-9e24-e3a27f3230b5.COMH2TPSM9V7V38F.SEARCH&ppt=sp&ppn=sp&ssid=k34kw37ucw0000001790763300868&qH=146bdebb324a64d3&ov_redirect=true
2026-09-30 15:45:05 - INFO - Image  : https://rukminim2.flixcart.com/image/312/312/xif0q/computer/b/k/d/-original-imahb2kbf2zdan3z.jpeg?q=70
2026-09-30 15:45:05 - INFO - 
Product 2
2026-09-30 15:45:05 - INFO - Name   : 
2026-09-30 15:45:05 - INFO - Price  : 
2026-09-30 15:45:05 - INFO - Rating : 
2026-09-30 15:45:05 - INFO - URL    : https://www.flipkart.com/lenovo-100e-chromebook-gen-4-mediatek-kompanio-520-4-gb-32-gb-emmc-storage-chrome-os/p/itm041aea27f1885?pid=COMHA9FK8YXVUUWA&lid=LSTCOMHA9FK8YXVUUWAAREQMZ&marketplace=FLIPKART&q=Laptop&store=6bo%2Fb5g&srno=s_1_2&otracker=search&otracker1=search&fm=Search&iid=0282e702-0b07-4af5-9e24-e3a27f3230b5.COMHA9FK8YXVUUWA.SEARCH&ppt=sp&ppn=sp&ssid=k34kw37ucw0000001790763300868&qH=146bdebb324a64d3&ov_redirect=true
2026-09-30 15:45:05 - INFO - Image  : https://rukminim2.flixcart.com/image/312/312/xif0q/computer/c/g/4/-enriched-transparent-original-imahgfdyf6grkw9r.png?q=70
2026-09-30 15:45:05 - INFO - 
Product 3
2026-09-30 15:45:05 - INFO - Name   : 
2026-09-30 15:45:05 - INFO - Price  : 
2026-09-30 15:45:05 - INFO - Rating : 
2026-09-30 15:45:05 - INFO - URL    : https://www.flipkart.com/jio-mediatek-mt8788-4-gb-64-gb-emmc-storage-android-11-nb1112mmblu-laptop/p/itmd9ab04fea101d?pid=COMHFFWBUUVJNXXN&lid=LSTCOMHFFWBUUVJNXXNSEVBMQ&marketplace=FLIPKART&q=Laptop&store=6bo%2Fb5g&srno=s_1_3&otracker=search&otracker1=search&fm=Search&iid=0282e702-0b07-4af5-9e24-e3a27f3230b5.COMHFFWBUUVJNXXN.SEARCH&ppt=sp&ppn=sp&ssid=k34kw37ucw0000001790763300868&qH=146bdebb324a64d3&ov_redirect=true
2026-09-30 15:45:05 - INFO - Image  : https://rukminim2.flixcart.com/image/312/312/xif0q/computer/v/v/r/jiobook-11-laptop-jio-original-imahffwbjeuaf3uf.jpeg?q=70
2026-09-30 15:45:05 - INFO - 
Total products selected: 3
2026-09-30 15:45:05 - INFO - Get Products - Laptop completed successfully.
2026-09-30 15:45:05 - INFO - Products extracted for Laptop
2026-09-30 15:45:09 - INFO - 
==================================================
2026-09-30 15:45:09 - INFO - Processing Product : Phone
2026-09-30 15:45:09 - INFO - Maximum Price      : 20000
2026-09-30 15:45:09 - INFO - Customer Rating    : 4
2026-09-30 15:45:09 - INFO - ==================================================
2026-09-30 15:45:09 - INFO - Search Phone - Attempt 1/3
2026-09-30 15:45:09 - INFO - Searching product: Phone
2026-09-30 15:45:09 - ERROR - Search failed
2026-09-30 15:45:09 - ERROR - Failed to capture screenshot: Page.screenshot: Target page, context or browser has been closed
2026-09-30 15:45:09 - INFO - Failure screenshot: None
2026-09-30 15:45:09 - ERROR - Search Phone failed on attempt 1/3: Locator.wait_for: Target page, context or browser has been closed
2026-09-30 15:45:11 - INFO - Search Phone - Attempt 2/3
2026-09-30 15:45:11 - INFO - Searching product: Phone
2026-09-30 15:45:11 - ERROR - Search failed
2026-09-30 15:45:11 - ERROR - Failed to capture screenshot: Page.screenshot: Target page, context or browser has been closed
2026-09-30 15:45:11 - INFO - Failure screenshot: None
2026-09-30 15:45:11 - ERROR - Search Phone failed on attempt 2/3: Locator.wait_for: Target page, context or browser has been closed
2026-09-30 15:45:13 - INFO - Search Phone - Attempt 3/3
2026-09-30 15:45:13 - INFO - Searching product: Phone
2026-09-30 15:45:13 - ERROR - Search failed
2026-09-30 15:45:13 - ERROR - Failed to capture screenshot: Page.screenshot: Target page, context or browser has been closed
2026-09-30 15:45:13 - INFO - Failure screenshot: None
2026-09-30 15:45:13 - ERROR - Search Phone failed on attempt 3/3: Locator.wait_for: Target page, context or browser has been closed
2026-09-30 15:45:13 - ERROR - Search Phone failed after 3 attempts.
2026-09-30 15:45:13 - WARNING - Product processing failed: Locator.wait_for: Target page, context or browser has been closed
2026-09-30 15:45:13 - ERROR - Automation failed: send_exception_email() got an unexpected keyword argument 'subject'
Traceback (most recent call last):
  File "C:\Users\Admin\OneDrive - StayAhead\Documents\Demo_Sruthy\flipkart_automation\modules\bot_runner.py", line 129, in run_bot
    await retry_async(
    ...<4 lines>...
    )
  File "C:\Users\Admin\OneDrive - StayAhead\Documents\Demo_Sruthy\flipkart_automation\modules\retry.py", line 26, in retry_async
    result = await function(*args)
             ^^^^^^^^^^^^^^^^^^^^^
  File "C:\Users\Admin\OneDrive - StayAhead\Documents\Demo_Sruthy\flipkart_automation\modules\flipkart_actions.py", line 19, in search_product
    await search_box.wait_for(
    ...<2 lines>...
    )
  File "C:\Users\Admin\OneDrive - StayAhead\Documents\Demo_Sruthy\flipkart_automation\flipkart_env\Lib\site-packages\playwright\async_api\_generated.py", line 20672, in wait_for
    await self._impl_obj.wait_for(timeout=to_milliseconds(timeout), state=state)
  File "C:\Users\Admin\OneDrive - StayAhead\Documents\Demo_Sruthy\flipkart_automation\flipkart_env\Lib\site-packages\playwright\_impl\_locator.py", line 752, in wait_for
    await self._frame.wait_for_selector(
        self._selector, strict=True, timeout=timeout, state=state
    )
  File "C:\Users\Admin\OneDrive - StayAhead\Documents\Demo_Sruthy\flipkart_automation\flipkart_env\Lib\site-packages\playwright\_impl\_frame.py", line 395, in wait_for_selector
    await self._channel.send(
        "waitForSelector", self._timeout, locals_to_params(locals())
    )
  File "C:\Users\Admin\OneDrive - StayAhead\Documents\Demo_Sruthy\flipkart_automation\flipkart_env\Lib\site-packages\playwright\_impl\_connection.py", line 76, in send
    return await self._connection.wrap_api_call(
           ^^^^^^^^^^^^^^^^^^^^^^^^^^^^^^^^^^^^^
    ...<3 lines>...
    )
    ^
  File "C:\Users\Admin\OneDrive - StayAhead\Documents\Demo_Sruthy\flipkart_automation\flipkart_env\Lib\site-packages\playwright\_impl\_connection.py", line 632, in wrap_api_call
    raise rewrite_error(error, f"{parsed_st['apiName']}: {error}") from None
playwright._impl._errors.TargetClosedError: Locator.wait_for: Target page, context or browser has been closed

During handling of the above exception, another exception occurred:

Traceback (most recent call last):
  File "C:\Users\Admin\OneDrive - StayAhead\Documents\Demo_Sruthy\flipkart_automation\modules\bot_runner.py", line 210, in run_bot
    send_exception_email(
    ~~~~~~~~~~~~~~~~~~~~^
            exception=e,
            ^^^^^^^^^^^^
            start_time=start_time,
            ^^^^^^^^^^^^^^^^^^^^^^
            bot_name="Flipkart Automation"
            ^^^^^^^^^^^^^^^^^^^^^^^^^^^^^^
    )
    ^
  File "C:\Users\Admin\OneDrive - StayAhead\Documents\Demo_Sruthy\flipkart_automation\modules\email_sender.py", line 413, in send_exception_email
    send_exception_email(
    ~~~~~~~~~~~~~~~~~~~~^
        subject="\U0001f534 Flipkart Automation - Exception Occurred",
        ^^^^^^^^^^^^^^^^^^^^^^^^^^^^^^^^^^^^^^^^^^^^^^^^^^^^^^
        html_body=html_body
        ^^^^^^^^^^^^^^^^^^^
    )
    ^
TypeError: send_exception_email() got an unexpected keyword argument 'subject'
2026-09-30 15:45:13 - INFO - Browser context closed.
2026-09-30 15:45:13 - INFO - Browser closed.
2026-09-30 15:45:13 - INFO - Playwright stopped.
2026-09-30 15:45:13 - ERROR - Automation failed
2026-09-30 15:45:13 - INFO - Flipkart Automation Completed
2026-09-30 17:03:32 - INFO - Flipkart Automation Started
2026-09-30 17:03:32 - INFO - BOT RUNNER STARTED
2026-09-30 17:03:39 - INFO - Trigger email sent.
2026-09-30 17:03:39 - INFO - Opening Flipkart...
2026-09-30 17:03:41 - INFO - Flipkart opened successfully
2026-09-30 17:03:41 - INFO - Logging into flipkart
2026-09-30 17:03:44 - INFO - Products found in Excel: 5
2026-09-30 17:03:44 - INFO - 
==================================================
2026-09-30 17:03:44 - INFO - Processing Product : Laptop
2026-09-30 17:03:44 - INFO - Maximum Price      : 40000
2026-09-30 17:03:44 - INFO - Customer Rating    : 3
2026-09-30 17:03:44 - INFO - ==================================================
2026-09-30 17:03:44 - INFO - Search Laptop - Attempt 1/3
2026-09-30 17:03:44 - INFO - Searching product: Laptop
2026-09-30 17:03:47 - INFO - Product entered: Laptop
2026-09-30 17:03:48 - INFO - Search clicked: Laptop
2026-09-30 17:03:51 - INFO - Search completed successfully: Laptop
2026-09-30 17:03:51 - INFO - Search Laptop completed successfully.
2026-09-30 17:03:51 - INFO - Price Filter - Attempt 1/3
2026-09-30 17:03:51 - INFO - Applying price filter: 40000
2026-09-30 17:03:51 - INFO - Price filter found.
2026-09-30 17:03:51 - INFO - Price dropdowns found: 2
2026-09-30 17:03:51 - INFO - Maximum price selected: 40000
2026-09-30 17:03:51 - INFO - Price Filter completed successfully.
2026-09-30 17:03:51 - INFO - Rating Filter - Attempt 1/3
2026-09-30 17:03:51 - INFO - Applying rating filter: 3
2026-09-30 17:03:51 - INFO - Customer Ratings filter found.
2026-09-30 17:03:51 - INFO - Looking for rating option: 3\u2605 & above
2026-09-30 17:03:51 - INFO - Rating options are already visible.
2026-09-30 17:03:51 - INFO - Rating checkbox found: 3\u2605 & above
2026-09-30 17:03:51 - INFO - Current checkbox state: False
2026-09-30 17:03:51 - INFO - Rating option clicked: 3\u2605 & above
2026-09-30 17:03:52 - INFO - Rating filter applied successfully: 3\u2605 & above
2026-09-30 17:03:52 - INFO - Rating Filter completed successfully.
2026-09-30 17:03:52 - INFO - Get Products - Laptop - Attempt 1/3
2026-09-30 17:03:52 - INFO - Getting products...
2026-09-30 17:03:52 - ERROR - Error extracting product 1: Locator.locator() takes 2 positional arguments but 3 were given
2026-09-30 17:03:52 - ERROR - Error extracting product 2: Locator.locator() takes 2 positional arguments but 3 were given
2026-09-30 17:03:52 - ERROR - Error extracting product 3: Locator.locator() takes 2 positional arguments but 3 were given
2026-09-30 17:03:52 - INFO - 
Total products selected: 0
2026-09-30 17:03:52 - INFO - Get Products - Laptop completed successfully.
2026-09-30 17:03:52 - ERROR - No products found for Laptop
2026-09-30 17:03:52 - INFO - 
==================================================
2026-09-30 17:03:52 - INFO - Processing Product : Phone
2026-09-30 17:03:52 - INFO - Maximum Price      : 20000
2026-09-30 17:03:52 - INFO - Customer Rating    : 4
2026-09-30 17:03:52 - INFO - ==================================================
2026-09-30 17:03:52 - INFO - Search Phone - Attempt 1/3
2026-09-30 17:03:52 - INFO - Searching product: Phone
2026-09-30 17:03:55 - INFO - Product entered: Phone
2026-09-30 17:03:56 - INFO - Search clicked: Phone
2026-09-30 17:03:59 - INFO - Search completed successfully: Phone
2026-09-30 17:03:59 - INFO - Search Phone completed successfully.
2026-09-30 17:03:59 - INFO - Price Filter - Attempt 1/3
2026-09-30 17:03:59 - INFO - Applying price filter: 20000
2026-09-30 17:03:59 - INFO - Price filter found.
2026-09-30 17:03:59 - INFO - Price dropdowns found: 2
2026-09-30 17:03:59 - INFO - Maximum price selected: 20000
2026-09-30 17:03:59 - INFO - Price Filter completed successfully.
2026-09-30 17:03:59 - INFO - Rating Filter - Attempt 1/3
2026-09-30 17:03:59 - INFO - Applying rating filter: 4
2026-09-30 17:03:59 - INFO - Customer Ratings filter found.
2026-09-30 17:03:59 - INFO - Looking for rating option: 4\u2605 & above
2026-09-30 17:04:01 - INFO - Rating options are collapsed. Clicking Customer Ratings.
2026-09-30 17:04:01 - INFO - Customer Ratings section clicked.
2026-09-30 17:04:01 - INFO - Rating options are now visible.
2026-09-30 17:04:01 - INFO - Rating checkbox found: 4\u2605 & above
2026-09-30 17:04:01 - INFO - Current checkbox state: False
2026-09-30 17:04:01 - INFO - Rating option clicked: 4\u2605 & above
2026-09-30 17:04:32 - ERROR - Customer Ratings section, rating option, or checkbox not found.
2026-09-30 17:04:32 - ERROR - Rating Filter failed on attempt 1/3: Locator.is_checked: Timeout 30000ms exceeded.
Call log:
  - waiting for locator("section.KNnSWQ").filter(has_text="Customer Ratings").first.locator("div[title=\"4\u2605 & above\"]").locator("input[type=\"checkbox\"]")

2026-09-30 17:04:34 - INFO - Rating Filter - Attempt 2/3
2026-09-30 17:04:34 - INFO - Applying rating filter: 4
2026-09-30 17:04:34 - INFO - Customer Ratings filter found.
2026-09-30 17:04:34 - INFO - Looking for rating option: 4\u2605 & above
2026-09-30 17:04:36 - INFO - Rating options are collapsed. Clicking Customer Ratings.
2026-09-30 17:04:36 - INFO - Customer Ratings section clicked.
2026-09-30 17:04:36 - INFO - Rating options are now visible.
2026-09-30 17:04:36 - INFO - Rating checkbox found: 4\u2605 & above
2026-09-30 17:04:36 - INFO - Current checkbox state: True
2026-09-30 17:04:36 - INFO - Rating already selected: 4\u2605 & above
2026-09-30 17:04:37 - INFO - Rating filter applied successfully: 4\u2605 & above
2026-09-30 17:04:37 - INFO - Rating Filter completed successfully.
2026-09-30 17:04:37 - INFO - Get Products - Phone - Attempt 1/3
2026-09-30 17:04:37 - INFO - Getting products...
2026-09-30 17:04:37 - ERROR - Error extracting product 1: Locator.locator() takes 2 positional arguments but 3 were given
2026-09-30 17:04:37 - ERROR - Error extracting product 2: Locator.locator() takes 2 positional arguments but 3 were given
2026-09-30 17:04:37 - ERROR - Error extracting product 3: Locator.locator() takes 2 positional arguments but 3 were given
2026-09-30 17:04:37 - INFO - 
Total products selected: 0
2026-09-30 17:04:37 - INFO - Get Products - Phone completed successfully.
2026-09-30 17:04:37 - ERROR - No products found for Phone
2026-09-30 17:04:37 - INFO - 
==================================================
2026-09-30 17:04:37 - INFO - Processing Product : Headphone
2026-09-30 17:04:37 - INFO - Maximum Price      : 2000
2026-09-30 17:04:37 - INFO - Customer Rating    : 3
2026-09-30 17:04:37 - INFO - ==================================================
2026-09-30 17:04:37 - INFO - Search Headphone - Attempt 1/3
2026-09-30 17:04:37 - INFO - Searching product: Headphone
2026-09-30 17:04:40 - INFO - Product entered: Headphone
2026-09-30 17:04:40 - INFO - Search clicked: Headphone
2026-09-30 17:04:43 - INFO - Search completed successfully: Headphone
2026-09-30 17:04:43 - INFO - Search Headphone completed successfully.
2026-09-30 17:04:43 - INFO - Price Filter - Attempt 1/3
2026-09-30 17:04:43 - INFO - Applying price filter: 2000
2026-09-30 17:04:43 - INFO - Price filter found.
2026-09-30 17:04:43 - INFO - Price dropdowns found: 2
2026-09-30 17:04:43 - INFO - Maximum price selected: 2000
2026-09-30 17:04:43 - INFO - Price Filter completed successfully.
2026-09-30 17:04:43 - INFO - Rating Filter - Attempt 1/3
2026-09-30 17:04:43 - INFO - Applying rating filter: 3
2026-09-30 17:04:43 - INFO - Customer Ratings filter found.
2026-09-30 17:04:43 - INFO - Looking for rating option: 3\u2605 & above
2026-09-30 17:04:43 - INFO - Rating options are already visible.
2026-09-30 17:04:43 - INFO - Rating checkbox found: 3\u2605 & above
2026-09-30 17:04:43 - INFO - Current checkbox state: False
2026-09-30 17:04:44 - INFO - Rating option clicked: 3\u2605 & above
2026-09-30 17:04:45 - INFO - Rating filter applied successfully: 3\u2605 & above
2026-09-30 17:04:45 - INFO - Rating Filter completed successfully.
2026-09-30 17:04:45 - INFO - Get Products - Headphone - Attempt 1/3
2026-09-30 17:04:45 - INFO - Getting products...
2026-09-30 17:04:45 - ERROR - Error extracting product 1: Locator.locator() takes 2 positional arguments but 3 were given
2026-09-30 17:04:45 - ERROR - Error extracting product 2: Locator.locator() takes 2 positional arguments but 3 were given
2026-09-30 17:04:45 - ERROR - Error extracting product 3: Locator.locator() takes 2 positional arguments but 3 were given
2026-09-30 17:04:45 - INFO - 
Total products selected: 0
2026-09-30 17:04:45 - INFO - Get Products - Headphone completed successfully.
2026-09-30 17:04:45 - ERROR - No products found for Headphone
2026-09-30 17:04:45 - INFO - 
==================================================
2026-09-30 17:04:45 - INFO - Processing Product : Speaker
2026-09-30 17:04:45 - INFO - Maximum Price      : 2000
2026-09-30 17:04:45 - INFO - Customer Rating    : 4
2026-09-30 17:04:45 - INFO - ==================================================
2026-09-30 17:04:45 - INFO - Search Speaker - Attempt 1/3
2026-09-30 17:04:45 - INFO - Searching product: Speaker
2026-09-30 17:04:48 - INFO - Product entered: Speaker
2026-09-30 17:04:48 - INFO - Search clicked: Speaker
2026-09-30 17:04:51 - INFO - Search completed successfully: Speaker
2026-09-30 17:04:51 - INFO - Search Speaker completed successfully.
2026-09-30 17:04:51 - INFO - Price Filter - Attempt 1/3
2026-09-30 17:04:51 - INFO - Applying price filter: 2000
2026-09-30 17:04:51 - INFO - Price filter found.
2026-09-30 17:04:51 - INFO - Price dropdowns found: 2
2026-09-30 17:04:51 - INFO - Maximum price selected: 2000
2026-09-30 17:04:51 - INFO - Price Filter completed successfully.
2026-09-30 17:04:51 - INFO - Rating Filter - Attempt 1/3
2026-09-30 17:04:51 - INFO - Applying rating filter: 4
2026-09-30 17:04:51 - INFO - Customer Ratings filter found.
2026-09-30 17:04:51 - INFO - Looking for rating option: 4\u2605 & above
2026-09-30 17:04:51 - INFO - Rating options are already visible.
2026-09-30 17:04:51 - INFO - Rating checkbox found: 4\u2605 & above
2026-09-30 17:04:51 - INFO - Current checkbox state: False
2026-09-30 17:04:52 - INFO - Rating option clicked: 4\u2605 & above
2026-09-30 17:04:53 - INFO - Rating filter applied successfully: 4\u2605 & above
2026-09-30 17:04:53 - INFO - Rating Filter completed successfully.
2026-09-30 17:04:53 - INFO - Get Products - Speaker - Attempt 1/3
2026-09-30 17:04:53 - INFO - Getting products...
2026-09-30 17:04:53 - ERROR - Error extracting product 1: Locator.locator() takes 2 positional arguments but 3 were given
2026-09-30 17:04:53 - ERROR - Error extracting product 2: Locator.locator() takes 2 positional arguments but 3 were given
2026-09-30 17:04:53 - ERROR - Error extracting product 3: Locator.locator() takes 2 positional arguments but 3 were given
2026-09-30 17:04:53 - INFO - 
Total products selected: 0
2026-09-30 17:04:53 - INFO - Get Products - Speaker completed successfully.
2026-09-30 17:04:53 - ERROR - No products found for Speaker
2026-09-30 17:04:53 - INFO - 
==================================================
2026-09-30 17:04:53 - INFO - Processing Product : ipad
2026-09-30 17:04:53 - INFO - Maximum Price      : 30000
2026-09-30 17:04:53 - INFO - Customer Rating    : 3
2026-09-30 17:04:53 - INFO - ==================================================
2026-09-30 17:04:53 - INFO - Search ipad - Attempt 1/3
2026-09-30 17:04:53 - INFO - Searching product: ipad
2026-09-30 17:04:57 - INFO - Product entered: ipad
2026-09-30 17:04:57 - INFO - Search clicked: ipad
2026-09-30 17:05:00 - INFO - Search completed successfully: ipad
2026-09-30 17:05:00 - INFO - Search ipad completed successfully.
2026-09-30 17:05:00 - INFO - Price Filter - Attempt 1/3
2026-09-30 17:05:00 - INFO - Applying price filter: 30000
2026-09-30 17:05:00 - INFO - Price filter found.
2026-09-30 17:05:00 - INFO - Price dropdowns found: 2
2026-09-30 17:05:00 - INFO - Maximum price selected: 30000
2026-09-30 17:05:00 - INFO - Price Filter completed successfully.
2026-09-30 17:05:00 - INFO - Rating Filter - Attempt 1/3
2026-09-30 17:05:00 - INFO - Applying rating filter: 3
2026-09-30 17:05:00 - INFO - Customer Ratings filter found.
2026-09-30 17:05:00 - INFO - Looking for rating option: 3\u2605 & above
2026-09-30 17:05:00 - INFO - Rating options are already visible.
2026-09-30 17:05:00 - INFO - Rating checkbox found: 3\u2605 & above
2026-09-30 17:05:00 - INFO - Current checkbox state: False
2026-09-30 17:05:00 - INFO - Rating option clicked: 3\u2605 & above
2026-09-30 17:05:01 - INFO - Rating filter applied successfully: 3\u2605 & above
2026-09-30 17:05:01 - INFO - Rating Filter completed successfully.
2026-09-30 17:05:01 - INFO - Get Products - ipad - Attempt 1/3
2026-09-30 17:05:01 - INFO - Getting products...
2026-09-30 17:05:01 - ERROR - Error extracting product 1: Locator.locator() takes 2 positional arguments but 3 were given
2026-09-30 17:05:01 - ERROR - Error extracting product 2: Locator.locator() takes 2 positional arguments but 3 were given
2026-09-30 17:05:01 - ERROR - Error extracting product 3: Locator.locator() takes 2 positional arguments but 3 were given
2026-09-30 17:05:01 - INFO - 
Total products selected: 0
2026-09-30 17:05:01 - INFO - Get Products - ipad completed successfully.
2026-09-30 17:05:01 - ERROR - No products found for ipad
2026-09-30 17:05:05 - INFO - Execution email sent.
2026-09-30 17:05:05 - INFO - Browser context closed.
2026-09-30 17:05:05 - INFO - Browser closed.
2026-09-30 17:05:05 - INFO - Playwright stopped.
2026-09-30 17:05:05 - ERROR - Automation failed
2026-09-30 17:05:05 - INFO - Flipkart Automation Completed
2026-09-30 17:11:48 - INFO - Flipkart Automation Started
2026-09-30 17:11:48 - INFO - BOT RUNNER STARTED
2026-09-30 17:11:54 - INFO - Trigger email sent.
2026-09-30 17:11:54 - INFO - Opening Flipkart...
2026-09-30 17:11:55 - INFO - Flipkart opened successfully
2026-09-30 17:11:55 - INFO - Logging into flipkart
2026-09-30 17:11:58 - INFO - Products found in Excel: 5
2026-09-30 17:11:58 - INFO - 
==================================================
2026-09-30 17:11:58 - INFO - Processing Product : Laptop
2026-09-30 17:11:58 - INFO - Maximum Price      : 40000
2026-09-30 17:11:58 - INFO - Customer Rating    : 3
2026-09-30 17:11:58 - INFO - ==================================================
2026-09-30 17:11:58 - INFO - Search Laptop - Attempt 1/3
2026-09-30 17:11:58 - INFO - Searching product: Laptop
2026-09-30 17:12:01 - INFO - Product entered: Laptop
2026-09-30 17:12:02 - INFO - Search clicked: Laptop
2026-09-30 17:12:05 - INFO - Search completed successfully: Laptop
2026-09-30 17:12:05 - INFO - Search Laptop completed successfully.
2026-09-30 17:12:05 - INFO - Price Filter - Attempt 1/3
2026-09-30 17:12:05 - INFO - Applying price filter: 40000
2026-09-30 17:12:05 - INFO - Price filter found.
2026-09-30 17:12:05 - INFO - Price dropdowns found: 2
2026-09-30 17:12:05 - INFO - Maximum price selected: 40000
2026-09-30 17:12:05 - INFO - Price Filter completed successfully.
2026-09-30 17:12:05 - INFO - Rating Filter - Attempt 1/3
2026-09-30 17:12:05 - INFO - Applying rating filter: 3
2026-09-30 17:12:05 - INFO - Customer Ratings filter found.
2026-09-30 17:12:05 - INFO - Looking for rating option: 3\u2605 & above
2026-09-30 17:12:05 - INFO - Rating options are already visible.
2026-09-30 17:12:05 - INFO - Rating checkbox found: 3\u2605 & above
2026-09-30 17:12:05 - INFO - Current checkbox state: False
2026-09-30 17:12:05 - INFO - Rating option clicked: 3\u2605 & above
2026-09-30 17:12:06 - INFO - Rating filter applied successfully: 3\u2605 & above
2026-09-30 17:12:06 - INFO - Rating Filter completed successfully.
2026-09-30 17:12:06 - INFO - Get Products - Laptop - Attempt 1/3
2026-09-30 17:12:06 - INFO - Getting products...
2026-09-30 17:12:06 - ERROR - Error extracting product 1: Locator.locator() takes 2 positional arguments but 3 were given
2026-09-30 17:12:06 - ERROR - Error extracting product 2: Locator.locator() takes 2 positional arguments but 3 were given
2026-09-30 17:12:06 - ERROR - Error extracting product 3: Locator.locator() takes 2 positional arguments but 3 were given
2026-09-30 17:12:06 - INFO - 
Total products selected: 0
2026-09-30 17:12:06 - INFO - Get Products - Laptop completed successfully.
2026-09-30 17:12:06 - ERROR - No products found for Laptop
2026-09-30 17:12:06 - INFO - 
==================================================
2026-09-30 17:12:06 - INFO - Processing Product : Phone
2026-09-30 17:12:06 - INFO - Maximum Price      : 20000
2026-09-30 17:12:06 - INFO - Customer Rating    : 4
2026-09-30 17:12:06 - INFO - ==================================================
2026-09-30 17:12:06 - INFO - Search Phone - Attempt 1/3
2026-09-30 17:12:06 - INFO - Searching product: Phone
2026-09-30 17:12:09 - INFO - Product entered: Phone
2026-09-30 17:12:09 - INFO - Search clicked: Phone
2026-09-30 17:12:13 - INFO - Search completed successfully: Phone
2026-09-30 17:12:13 - INFO - Search Phone completed successfully.
2026-09-30 17:12:13 - INFO - Price Filter - Attempt 1/3
2026-09-30 17:12:13 - INFO - Applying price filter: 20000
2026-09-30 17:12:13 - INFO - Price filter found.
2026-09-30 17:12:13 - INFO - Price dropdowns found: 2
2026-09-30 17:12:13 - INFO - Maximum price selected: 20000
2026-09-30 17:12:13 - INFO - Price Filter completed successfully.
2026-09-30 17:12:13 - INFO - Rating Filter - Attempt 1/3
2026-09-30 17:12:13 - INFO - Applying rating filter: 4
2026-09-30 17:12:13 - INFO - Customer Ratings filter found.
2026-09-30 17:12:13 - INFO - Looking for rating option: 4\u2605 & above
2026-09-30 17:12:15 - INFO - Rating options are collapsed. Clicking Customer Ratings.
2026-09-30 17:12:15 - INFO - Customer Ratings section clicked.
2026-09-30 17:12:15 - INFO - Rating options are now visible.
2026-09-30 17:12:15 - INFO - Rating checkbox found: 4\u2605 & above
2026-09-30 17:12:15 - INFO - Current checkbox state: False
2026-09-30 17:12:15 - INFO - Rating option clicked: 4\u2605 & above
2026-09-30 17:12:46 - ERROR - Customer Ratings section, rating option, or checkbox not found.
2026-09-30 17:12:46 - ERROR - Rating Filter failed on attempt 1/3: Locator.is_checked: Timeout 30000ms exceeded.
Call log:
  - waiting for locator("section.KNnSWQ").filter(has_text="Customer Ratings").first.locator("div[title=\"4\u2605 & above\"]").locator("input[type=\"checkbox\"]")

2026-09-30 17:12:48 - INFO - Rating Filter - Attempt 2/3
2026-09-30 17:12:48 - INFO - Applying rating filter: 4
2026-09-30 17:12:48 - INFO - Customer Ratings filter found.
2026-09-30 17:12:48 - INFO - Looking for rating option: 4\u2605 & above
2026-09-30 17:12:50 - INFO - Rating options are collapsed. Clicking Customer Ratings.
2026-09-30 17:12:50 - INFO - Customer Ratings section clicked.
2026-09-30 17:12:50 - INFO - Rating options are now visible.
2026-09-30 17:12:50 - INFO - Rating checkbox found: 4\u2605 & above
2026-09-30 17:12:50 - INFO - Current checkbox state: True
2026-09-30 17:12:50 - INFO - Rating already selected: 4\u2605 & above
2026-09-30 17:12:51 - INFO - Rating filter applied successfully: 4\u2605 & above
2026-09-30 17:12:51 - INFO - Rating Filter completed successfully.
2026-09-30 17:12:51 - INFO - Get Products - Phone - Attempt 1/3
2026-09-30 17:12:51 - INFO - Getting products...
2026-09-30 17:12:51 - ERROR - Error extracting product 1: Locator.locator() takes 2 positional arguments but 3 were given
2026-09-30 17:12:51 - ERROR - Error extracting product 2: Locator.locator() takes 2 positional arguments but 3 were given
2026-09-30 17:12:51 - ERROR - Error extracting product 3: Locator.locator() takes 2 positional arguments but 3 were given
2026-09-30 17:12:51 - INFO - 
Total products selected: 0
2026-09-30 17:12:51 - INFO - Get Products - Phone completed successfully.
2026-09-30 17:12:51 - ERROR - No products found for Phone
2026-09-30 17:12:51 - INFO - 
==================================================
2026-09-30 17:12:51 - INFO - Processing Product : Headphone
2026-09-30 17:12:51 - INFO - Maximum Price      : 2000
2026-09-30 17:12:51 - INFO - Customer Rating    : 3
2026-09-30 17:12:51 - INFO - ==================================================
2026-09-30 17:12:51 - INFO - Search Headphone - Attempt 1/3
2026-09-30 17:12:51 - INFO - Searching product: Headphone
2026-09-30 17:12:54 - INFO - Product entered: Headphone
2026-09-30 17:12:54 - INFO - Search clicked: Headphone
2026-09-30 17:12:57 - INFO - Search completed successfully: Headphone
2026-09-30 17:12:57 - INFO - Search Headphone completed successfully.
2026-09-30 17:12:57 - INFO - Price Filter - Attempt 1/3
2026-09-30 17:12:57 - INFO - Applying price filter: 2000
2026-09-30 17:12:57 - INFO - Price filter found.
2026-09-30 17:12:57 - INFO - Price dropdowns found: 2
2026-09-30 17:12:57 - INFO - Maximum price selected: 2000
2026-09-30 17:12:57 - INFO - Price Filter completed successfully.
2026-09-30 17:12:57 - INFO - Rating Filter - Attempt 1/3
2026-09-30 17:12:57 - INFO - Applying rating filter: 3
2026-09-30 17:12:57 - INFO - Customer Ratings filter found.
2026-09-30 17:12:57 - INFO - Looking for rating option: 3\u2605 & above
2026-09-30 17:12:57 - INFO - Rating options are already visible.
2026-09-30 17:12:57 - INFO - Rating checkbox found: 3\u2605 & above
2026-09-30 17:12:57 - INFO - Current checkbox state: False
2026-09-30 17:12:58 - INFO - Rating option clicked: 3\u2605 & above
2026-09-30 17:12:59 - INFO - Rating filter applied successfully: 3\u2605 & above
2026-09-30 17:12:59 - INFO - Rating Filter completed successfully.
2026-09-30 17:12:59 - INFO - Get Products - Headphone - Attempt 1/3
2026-09-30 17:12:59 - INFO - Getting products...
2026-09-30 17:12:59 - ERROR - Error extracting product 1: Locator.locator() takes 2 positional arguments but 3 were given
2026-09-30 17:12:59 - ERROR - Error extracting product 2: Locator.locator() takes 2 positional arguments but 3 were given
2026-09-30 17:12:59 - ERROR - Error extracting product 3: Locator.locator() takes 2 positional arguments but 3 were given
2026-09-30 17:12:59 - INFO - 
Total products selected: 0
2026-09-30 17:12:59 - INFO - Get Products - Headphone completed successfully.
2026-09-30 17:12:59 - ERROR - No products found for Headphone
2026-09-30 17:12:59 - INFO - 
==================================================
2026-09-30 17:12:59 - INFO - Processing Product : Speaker
2026-09-30 17:12:59 - INFO - Maximum Price      : 2000
2026-09-30 17:12:59 - INFO - Customer Rating    : 4
2026-09-30 17:12:59 - INFO - ==================================================
2026-09-30 17:12:59 - INFO - Search Speaker - Attempt 1/3
2026-09-30 17:12:59 - INFO - Searching product: Speaker
2026-09-30 17:13:02 - INFO - Product entered: Speaker
2026-09-30 17:13:02 - INFO - Search clicked: Speaker
2026-09-30 17:13:05 - INFO - Search completed successfully: Speaker
2026-09-30 17:13:05 - INFO - Search Speaker completed successfully.
2026-09-30 17:13:05 - INFO - Price Filter - Attempt 1/3
2026-09-30 17:13:05 - INFO - Applying price filter: 2000
2026-09-30 17:13:05 - INFO - Price filter found.
2026-09-30 17:13:05 - INFO - Price dropdowns found: 2
2026-09-30 17:13:05 - INFO - Maximum price selected: 2000
2026-09-30 17:13:05 - INFO - Price Filter completed successfully.
2026-09-30 17:13:05 - INFO - Rating Filter - Attempt 1/3
2026-09-30 17:13:05 - INFO - Applying rating filter: 4
2026-09-30 17:13:05 - INFO - Customer Ratings filter found.
2026-09-30 17:13:05 - INFO - Looking for rating option: 4\u2605 & above
2026-09-30 17:13:05 - INFO - Rating options are already visible.
2026-09-30 17:13:05 - INFO - Rating checkbox found: 4\u2605 & above
2026-09-30 17:13:05 - INFO - Current checkbox state: False
2026-09-30 17:13:06 - INFO - Rating option clicked: 4\u2605 & above
2026-09-30 17:13:07 - INFO - Rating filter applied successfully: 4\u2605 & above
2026-09-30 17:13:07 - INFO - Rating Filter completed successfully.
2026-09-30 17:13:07 - INFO - Get Products - Speaker - Attempt 1/3
2026-09-30 17:13:07 - INFO - Getting products...
2026-09-30 17:13:07 - ERROR - Error extracting product 1: Locator.locator() takes 2 positional arguments but 3 were given
2026-09-30 17:13:07 - ERROR - Error extracting product 2: Locator.locator() takes 2 positional arguments but 3 were given
2026-09-30 17:13:07 - ERROR - Error extracting product 3: Locator.locator() takes 2 positional arguments but 3 were given
2026-09-30 17:13:07 - INFO - 
Total products selected: 0
2026-09-30 17:13:07 - INFO - Get Products - Speaker completed successfully.
2026-09-30 17:13:07 - ERROR - No products found for Speaker
2026-09-30 17:13:07 - INFO - 
==================================================
2026-09-30 17:13:07 - INFO - Processing Product : ipad
2026-09-30 17:13:07 - INFO - Maximum Price      : 30000
2026-09-30 17:13:07 - INFO - Customer Rating    : 3
2026-09-30 17:13:07 - INFO - ==================================================
2026-09-30 17:13:07 - INFO - Search ipad - Attempt 1/3
2026-09-30 17:13:07 - INFO - Searching product: ipad
2026-09-30 17:13:10 - INFO - Product entered: ipad
2026-09-30 17:13:10 - INFO - Search clicked: ipad
2026-09-30 17:13:13 - INFO - Search completed successfully: ipad
2026-09-30 17:13:13 - INFO - Search ipad completed successfully.
2026-09-30 17:13:13 - INFO - Price Filter - Attempt 1/3
2026-09-30 17:13:13 - INFO - Applying price filter: 30000
2026-09-30 17:13:13 - INFO - Price filter found.
2026-09-30 17:13:13 - INFO - Price dropdowns found: 2
2026-09-30 17:13:13 - INFO - Maximum price selected: 30000
2026-09-30 17:13:13 - INFO - Price Filter completed successfully.
2026-09-30 17:13:13 - INFO - Rating Filter - Attempt 1/3
2026-09-30 17:13:13 - INFO - Applying rating filter: 3
2026-09-30 17:13:13 - INFO - Customer Ratings filter found.
2026-09-30 17:13:13 - INFO - Looking for rating option: 3\u2605 & above
2026-09-30 17:13:13 - INFO - Rating options are already visible.
2026-09-30 17:13:14 - INFO - Rating checkbox found: 3\u2605 & above
2026-09-30 17:13:14 - INFO - Current checkbox state: False
2026-09-30 17:13:14 - INFO - Rating option clicked: 3\u2605 & above
2026-09-30 17:13:15 - INFO - Rating filter applied successfully: 3\u2605 & above
2026-09-30 17:13:15 - INFO - Rating Filter completed successfully.
2026-09-30 17:13:15 - INFO - Get Products - ipad - Attempt 1/3
2026-09-30 17:13:15 - INFO - Getting products...
2026-09-30 17:13:15 - ERROR - Error extracting product 1: Locator.locator() takes 2 positional arguments but 3 were given
2026-09-30 17:13:15 - ERROR - Error extracting product 2: Locator.locator() takes 2 positional arguments but 3 were given
2026-09-30 17:13:15 - ERROR - Error extracting product 3: Locator.locator() takes 2 positional arguments but 3 were given
2026-09-30 17:13:15 - INFO - 
Total products selected: 0
2026-09-30 17:13:15 - INFO - Get Products - ipad completed successfully.
2026-09-30 17:13:15 - ERROR - No products found for ipad
2026-09-30 17:13:19 - INFO - Execution email sent.
2026-09-30 17:13:19 - INFO - Browser context closed.
2026-09-30 17:13:19 - INFO - Browser closed.
2026-09-30 17:13:19 - INFO - Playwright stopped.
2026-09-30 17:13:19 - ERROR - Automation failed
2026-09-30 17:13:19 - INFO - Flipkart Automation Completed
